Unnamed: 0_level_0,Unnamed: 1_level_0,Unnamed: 2_level_0,Unnamed: 3_level_0,Unnamed: 4_level_0,Games,Games,Passing,Passing,Passing,Passing,Passing,Rushing,Rushing,Rushing,Rushing,Receiving,Receiving,Receiving,Receiving,Receiving,Fumbles,Fumbles,Scoring,Scoring,Scoring,Fantasy,Fantasy,Fantasy,Fantasy,Fantasy,Fantasy,Fantasy
Rk,Player,Tm,FantPos,Age,G,GS,Cmp,Att,Yds,TD,Int,Att,Yds,Y/A,TD,Tgt,Rec,Yds,Y/R,TD,Fmb,FL,TD,2PM,2PP,FantPt,PPR,DKPt,FDPt,VBD,PosRank,OvRank
1,Chris Johnson*+,TEN,RB,24,16,16,0,1,0,0,0,358,2006,5.60,14,71,50,503,10.06,2,3,3,16,1,,343,392.9,401.9,367.9,197,1,1
2,Adrian Peterson*+,MIN,RB,24,16,15,0,0,0,0,0,314,1383,4.40,18,57,43,436,10.14,0,7,6,18,,,278,320.9,332.9,299.4,132,2,2
3,Maurice Jones-Drew*,JAX,RB,24,16,16,0,0,0,0,0,312,1391,4.46,15,71,53,374,7.06,1,2,1,16,,,271,323.5,330.5,297.0,125,3,3
4,Aaron Rodgers*,GNB,QB,26,16,16,350,541,4434,30,7,58,316,5.45,5,0,0,0,,0,10,4,5,,3,343,343.0,360.0,350.0,115,1,4
5,Andre Johnson*+,HOU,WR,28,16,16,0,0,0,0,0,2,10,5.00,0,171,101,1569,15.53,9,1,,9,1,,214,314.9,317.9,264.4,104,1,5
6,Ray Rice*,BAL,RB,22,16,15,0,1,0,0,0,254,1339,5.27,7,101,78,702,9.00,1,3,2,8,,,248,326.1,334.1,287.1,102,4,6
7,Randy Moss,NWE,WR,32,16,16,0,0,0,0,0,0,0,,0,137,83,1264,15.23,13,2,1,13,1,,204,287.4,291.4,245.9,95,2,7
8,DeSean Jackson*,PHI,WR,23,15,15,0,0,0,0,0,11,137,12.45,1,117,62,1156,18.65,9,3,1,12,,,199,261.3,268.3,230.3,90,3,8
9,Miles Austin*,DAL,WR,25,16,9,0,0,0,0,0,2,-2,-1.00,0,124,81,1320,16.30,11,1,,11,,,198,278.8,281.8,238.3,88,4,9
10,Thomas Jones,NYJ,RB,31,16,16,0,0,0,0,0,331,1402,4.24,14,18,10,58,5.80,0,2,,14,,,230,240.0,243.0,235.0,84,5,10
11,Frank Gore*,SFO,RB,26,14,14,0,0,0,0,0,229,1120,4.89,10,75,52,406,7.81,3,4,2,13,,,227,278.6,286.6,252.6,81,6,11
12,Larry Fitzgerald*,ARI,WR,26,16,16,0,0,0,0,0,0,0,,0,153,97,1092,11.26,13,0,,13,,,187,284.2,287.2,235.7,78,5,12
13,Vernon Davis*,SFO,TE,25,16,16,0,0,0,0,0,0,0,,0,128,78,965,12.37,13,0,,13,,,175,252.5,255.5,213.5,76,1,13
14,Reggie Wayne*,IND,WR,31,16,16,0,1,0,0,1,0,0,,0,149,100,1264,12.64,10,0,,10,,,184,284.4,288.4,235.4,75,6,14
15,Dallas Clark*+,IND,TE,30,16,16,0,0,0,0,0,2,11,5.50,0,133,100,1106,11.06,10,1,,10,,,172,271.7,274.7,221.7,73,2,15
16,Roddy White*,ATL,WR,28,16,16,0,0,0,0,0,1,2,2.00,0,165,85,1153,13.56,11,1,,11,,,182,266.5,269.5,224.0,72,7,16
17,Sidney Rice*,MIN,WR,23,16,14,0,1,0,0,0,0,0,,0,121,83,1312,15.81,8,1,1,8,,,177,260.2,264.2,218.7,68,8,17
18,Ricky Williams,MIA,RB,32,16,7,0,1,0,0,1,241,1121,4.65,11,53,35,264,7.54,2,5,2,13,1,,213,247.5,256.5,231.0,67,7,18
19,Drew Brees*,NOR,QB,30,15,15,363,514,4388,34,11,22,33,1.50,2,1,1,-4,-4.00,0,10,6,2,,1,294,295.4,315.4,305.9,66,2,19
20,Brandon Marshall*,DEN,WR,25,15,13,0,0,0,0,0,7,39,5.57,0,154,101,1120,11.09,10,0,,10,,,176,276.9,279.9,226.4,66,9,20
21,Antonio Gates*,SDG,TE,29,16,16,0,0,0,0,0,0,0,,0,114,79,1157,14.65,8,1,,8,,,164,242.7,245.7,203.2,65,3,21
22,Ryan Grant,GNB,RB,27,16,16,0,0,0,0,0,282,1253,4.44,11,30,25,197,7.88,0,1,1,11,,,209,234.0,241.0,221.5,63,8,22
23,Vincent Jackson*,SDG,WR,26,15,15,0,0,0,0,0,3,11,3.67,0,108,68,1167,17.16,9,0,,9,,,172,239.8,242.8,205.8,62,10,23
24,Steve Smith*,NYG,WR,24,16,15,0,0,0,0,0,0,0,,0,157,107,1220,11.40,7,0,,7,,,164,271.0,274.0,217.5,54,11,24
25,Wes Welker*+,NWE,WR,28,14,13,0,0,0,0,0,5,36,7.20,0,162,123,1348,10.96,4,2,,4,,,162,285.4,288.4,223.9,53,12,25
26,Brett Favre*,MIN,QB,40,16,16,363,531,4202,33,7,9,7,0.78,0,1,1,-2,-2.00,0,2,3,0,,,281,281.6,294.6,288.1,53,3,26
27,Matt Schaub*,HOU,QB,28,16,16,396,583,4770,29,15,48,57,1.19,0,0,0,0,,0,3,2,0,,1,281,280.5,300.5,295.5,53,4,27
28,Joseph Addai,IND,RB,26,15,15,1,1,22,1,0,219,828,3.78,10,63,51,336,6.59,3,1,1,13,,,197,248.3,255.3,222.8,51,9,28
29,Peyton Manning*+,IND,QB,33,16,16,393,571,4500,33,16,19,-13,-0.68,0,0,0,0,,0,2,,0,,,279,278.7,297.7,294.7,51,5,29
Rk,Player,Tm,FantPos,Age,G,GS,Cmp,Att,Yds,TD,Int,Att,Yds,Y/A,TD,Tgt,Rec,Yds,Y/R,TD,Fmb,FL,TD,2PM,2PP,FantPt,PPR,DKPt,FDPt,VBD,PosRank,OvRank
30,Marques Colston,NOR,WR,26,16,14,0,0,0,0,0,1,6,6.00,0,107,70,1074,15.34,9,2,1,9,,,160,230.0,234.0,195.0,50,13,30
31,Chad Johnson*,CIN,WR,31,16,15,0,0,0,0,0,3,32,10.67,0,128,72,1047,14.54,9,2,2,9,,,158,229.9,234.9,193.9,48,14,31
32,Steven Jackson*,STL,RB,26,15,15,0,0,0,0,0,324,1416,4.37,4,75,51,322,6.31,0,2,2,4,,,194,244.8,252.8,219.3,48,10,32
33,Brent Celek,PHI,TE,24,16,15,0,0,0,0,0,0,0,,0,112,76,971,12.78,8,0,,8,,,145,221.1,224.1,183.1,47,4,33
34,Tony Romo*,DAL,QB,29,16,16,347,550,4483,26,9,35,105,3.00,1,0,0,0,,0,6,4,1,,,274,273.8,292.8,282.8,46,6,34
35,Santonio Holmes,PIT,WR,25,16,16,0,1,0,0,0,3,6,2.00,0,138,79,1248,15.80,5,0,,5,,,155,234.4,237.4,194.9,46,15,35
36,Jamaal Charles,KAN,RB,23,15,10,0,0,0,0,0,190,1120,5.89,7,55,40,297,7.43,1,4,3,9,1,,192,231.7,240.7,211.7,46,11,36
37,Jonathan Stewart,CAR,RB,22,16,3,0,0,0,0,0,221,1133,5.13,10,26,18,139,7.72,1,3,2,11,,,189,207.2,215.2,198.2,43,12,37
38,Tom Brady*,NWE,QB,32,16,16,371,565,4398,28,13,29,44,1.52,1,0,0,0,,0,4,2,1,,1,270,270.3,288.3,283.3,42,7,38
39,Philip Rivers*,SDG,QB,28,16,16,317,486,4254,28,9,26,50,1.92,1,0,0,0,,0,6,3,1,,,269,269.2,284.2,278.2,41,8,39
40,Hines Ward,PIT,WR,33,16,16,0,0,0,0,0,0,0,,0,137,95,1167,12.28,6,2,1,6,,,151,245.7,249.7,198.2,41,16,40
41,Ben Roethlisberger,PIT,QB,27,15,15,337,506,4328,26,12,40,82,2.05,2,0,0,0,,0,7,3,2,,,267,267.3,285.3,279.3,39,9,41
42,Derrick Mason,BAL,WR,35,16,16,0,0,0,0,0,1,2,2.00,0,134,73,1028,14.08,7,0,,7,,,145,218.0,221.0,181.5,35,17,42
43,Steve Smith Sr.,CAR,WR,30,15,15,0,0,0,0,0,5,22,4.40,0,129,65,982,15.11,7,1,,7,1,,144,209.4,212.4,176.9,35,18,43
44,Rashard Mendenhall,PIT,RB,22,16,12,0,0,0,0,0,242,1108,4.58,7,32,25,261,10.44,1,3,3,8,,,179,203.9,212.9,191.4,33,13,44
45,Donald Driver,GNB,WR,34,16,16,0,0,0,0,0,1,13,13.00,0,113,70,1061,15.16,6,2,1,6,,,141,211.4,215.4,176.4,32,19,45
46,Percy Harvin*,MIN,WR,21,15,8,0,0,0,0,0,15,135,9.00,0,91,60,790,13.17,6,1,,8,,,141,200.5,206.5,170.5,31,20,46
47,Greg Jennings,GNB,WR,26,16,13,0,0,0,0,0,0,0,,0,119,68,1113,16.37,4,0,,4,2,,139,207.3,210.3,173.3,30,21,47
48,DeAngelo Williams*,CAR,RB,26,13,13,0,0,0,0,0,216,1117,5.17,7,41,29,252,8.69,0,3,3,7,1,,175,203.9,212.9,189.4,29,14,48
49,Robert Meachem,NOR,WR,25,16,7,0,0,0,0,0,6,82,13.67,0,64,45,722,16.04,9,2,1,10,,,138,183.4,187.4,160.9,29,22,49
50,Cedric Benson,CIN,RB,27,13,13,0,0,0,0,0,301,1251,4.16,6,24,17,111,6.53,0,1,,6,,,172,189.2,195.2,180.7,26,15,50
51,Tony Gonzalez,ATL,TE,33,16,16,0,0,0,0,0,0,0,,0,134,83,867,10.45,6,0,,6,,,123,205.7,208.7,164.2,24,5,51
52,Visanthe Shiancoe,MIN,TE,29,16,13,0,0,0,0,0,0,0,,0,79,56,566,10.11,11,0,,11,,,123,178.6,181.6,150.6,24,6,52
53,Fred Jackson,BUF,RB,28,16,11,1,1,27,1,0,237,1062,4.48,2,61,46,371,8.07,2,4,2,4,,,168,214.4,222.4,191.4,22,16,53
54,Calvin Johnson,DET,WR,24,14,14,0,0,0,0,0,7,73,10.43,0,137,67,984,14.69,5,3,2,5,,,132,198.7,203.7,165.2,22,23,54
55,Kellen Winslow,TAM,TE,26,16,14,0,0,0,0,0,1,7,7.00,0,127,77,884,11.48,5,0,,5,,,119,196.1,199.1,157.6,21,7,55
56,Anquan Boldin,ARI,WR,29,15,15,0,0,0,0,0,3,12,4.00,1,127,84,1024,12.19,4,3,2,5,,,130,213.6,218.6,171.6,20,24,56
57,Mike Sims-Walker,JAX,WR,25,15,14,0,0,0,0,0,0,0,,0,111,63,869,13.79,7,2,1,7,,,127,189.9,193.9,158.4,17,25,57
58,Jason Witten*,DAL,TE,27,16,16,0,0,0,0,0,0,0,,0,124,94,1030,10.96,2,0,,2,,,115,209.0,212.0,162.0,17,8,58
59,Heath Miller*,PIT,TE,27,16,16,0,0,0,0,0,0,0,,0,98,76,789,10.38,6,2,,6,,,115,190.9,193.9,152.9,16,9,59
Rk,Player,Tm,FantPos,Age,G,GS,Cmp,Att,Yds,TD,Int,Att,Yds,Y/A,TD,Tgt,Rec,Yds,Y/R,TD,Fmb,FL,TD,2PM,2PP,FantPt,PPR,DKPt,FDPt,VBD,PosRank,OvRank
60,Knowshon Moreno,DEN,RB,22,16,9,0,0,0,0,0,247,947,3.83,7,41,28,213,7.61,2,4,4,9,,,162,190.0,200.0,176.0,16,17,60
61,Terrell Owens,BUF,WR,36,16,16,0,0,0,0,0,6,54,9.00,1,109,55,829,15.07,5,1,,6,,,124,179.3,182.3,151.8,15,26,61
62,Matt Forte,CHI,RB,24,16,16,0,0,0,0,0,258,929,3.60,4,72,57,471,8.26,0,6,3,4,1,,160,217.0,226.0,188.5,14,18,62
63,Greg Olsen,CHI,TE,24,16,15,0,0,0,0,0,0,0,,0,108,60,612,10.20,8,0,,8,,,109,169.2,172.2,139.2,11,10,63
64,LaDainian Tomlinson,SDG,RB,30,14,14,0,1,0,0,0,223,730,3.27,12,30,20,154,7.70,0,2,2,12,,,156,176.4,184.4,166.4,10,19,64
65,Pierre Thomas,NOR,RB,25,14,6,0,0,0,0,0,147,793,5.39,6,45,39,302,7.74,2,2,1,8,,,156,194.5,201.5,175.0,10,20,65
66,Donovan McNabb*,PHI,QB,33,14,14,267,443,3553,22,10,37,140,3.78,2,1,1,1,1.00,0,10,2,2,,2,236,237.2,255.2,246.7,8,10,66
67,Marion Barber III,DAL,RB,26,15,15,0,0,0,0,0,214,932,4.36,7,36,26,221,8.50,0,2,2,7,,,153,179.3,187.3,166.3,7,21,67
68,Hakeem Nicks,NYG,WR,21,14,6,0,0,0,0,0,2,8,4.00,0,74,47,790,16.81,6,2,,6,,,116,162.8,165.8,139.3,6,27,68
69,Mike Wallace,PIT,WR,23,16,4,0,0,0,0,0,5,48,9.60,0,72,39,756,19.38,6,1,1,6,,,114,153.4,157.4,133.9,5,28,69
70,Eli Manning,NYG,QB,28,16,16,317,509,4021,27,14,17,65,3.82,0,0,0,0,,0,13,8,0,,,231,231.3,256.3,245.3,3,11,70
71,John Carlson,SEA,TE,25,16,16,0,0,0,0,0,0,0,,0,83,51,574,11.25,7,0,,7,,,99,150.4,153.4,124.9,1,11,71
72,Michael Turner,ATL,RB,27,11,11,0,0,0,0,0,178,871,4.89,10,7,5,35,7.00,0,4,2,10,,,147,151.6,156.6,149.1,1,22,72
73,Mario Manningham,NYG,WR,23,14,10,0,0,0,0,0,0,0,,0,99,57,822,14.42,5,1,1,5,,,110,167.2,171.2,138.7,1,29,73
74,Jerome Harrison,CLE,RB,26,14,7,0,0,0,0,0,194,862,4.44,5,50,34,220,6.47,2,2,2,7,,,146,180.2,188.2,163.2,,23,74
75,Zach Miller,OAK,TE,24,15,15,0,0,0,0,0,0,0,,0,99,66,805,12.20,3,0,,3,,,99,164.5,167.5,131.5,,12,75
76,Austin Collie,IND,WR,24,16,5,0,0,0,0,0,2,1,0.50,0,89,60,676,11.27,7,0,,7,,,110,169.7,172.7,139.7,,30,76
77,Cadillac Williams,TAM,RB,27,16,15,0,0,0,0,0,211,823,3.90,4,39,28,217,7.75,3,1,,7,,,146,174.0,180.0,160.0,,24,77
78,Jay Cutler,CHI,QB,26,16,16,336,555,3666,27,26,40,173,4.33,1,0,0,0,,0,9,1,1,,2,228,227.9,260.9,253.9,,12,78
79,David Garrard*,JAX,QB,31,16,16,314,516,3597,15,10,77,323,4.19,3,0,0,0,,0,14,8,3,1,,220,220.2,244.2,230.2,,13,
80,Jason Campbell,WAS,QB,28,16,16,327,507,3618,20,15,46,236,5.13,1,0,0,0,,0,13,4,1,,,216,216.3,241.3,231.3,,14,
81,Kyle Orton,DEN,QB,27,16,15,336,541,3802,21,12,24,71,2.96,0,0,0,0,,0,4,2,0,,,215,215.2,232.2,227.2,,15,
82,Kurt Warner,ARI,QB,38,15,15,339,513,3753,26,14,21,10,0.48,0,0,0,0,,0,11,6,0,,,215,215.1,238.1,229.1,,16,
83,Carson Palmer,CIN,QB,30,16,16,282,466,3094,21,13,39,93,2.38,3,0,0,0,,0,6,1,3,1,1,211,211.1,228.1,224.1,,17,
84,Joe Flacco,BAL,QB,24,16,16,315,499,3613,21,12,35,56,1.60,0,0,0,0,,0,8,2,0,,,206,206.1,223.1,218.1,,18,
85,Matt Ryan,ATL,QB,24,14,14,263,451,2916,22,14,30,49,1.63,1,0,0,0,,0,5,2,1,,,184,183.5,202.5,197.5,,19,
86,Matt Cassel,KAN,QB,27,15,15,271,493,2924,16,16,50,189,3.78,0,1,0,0,,0,14,4,0,,1,162,161.9,187.9,177.9,,20,
87,Matt Hasselbeck,SEA,QB,34,14,14,293,488,3029,17,17,26,119,4.58,0,0,0,0,,0,11,3,0,,,161,161.1,187.1,178.1,,21,
88,Willis McGahee,BAL,RB,28,16,1,0,0,0,0,0,109,544,4.99,12,22,15,85,5.67,2,1,1,14,,,145,159.9,163.9,152.4,,25,
89,Alex Smith,SFO,QB,25,11,10,225,372,2350,18,12,24,51,2.13,0,1,1,-6,-6.00,0,3,1,0,,,145,145.5,161.5,157.0,,22,
Rk,Player,Tm,FantPos,Age,G,GS,Cmp,Att,Yds,TD,Int,Att,Yds,Y/A,TD,Tgt,Rec,Yds,Y/R,TD,Fmb,FL,TD,2PM,2PP,FantPt,PPR,DKPt,FDPt,VBD,PosRank,OvRank
90,Chad Henne,MIA,QB,24,14,13,274,451,2878,12,14,16,32,2.00,1,0,0,0,,0,4,,1,,,144,144.3,161.3,158.3,,23,
91,Tim Hightower,ARI,RB,23,16,16,0,0,0,0,0,143,598,4.18,8,80,63,428,6.79,0,5,4,8,,,143,205.6,215.6,174.1,,26,
92,Kevin Smith,DET,RB,23,13,13,0,0,0,0,0,217,747,3.44,4,57,41,415,10.12,1,3,2,5,,,142,183.2,191.2,162.7,,27,
93,Ahmad Bradshaw,NYG,RB,23,15,1,0,0,0,0,0,163,778,4.77,7,30,21,207,9.86,0,3,2,7,,,137,157.5,165.5,147.0,,28,
94,Vince Young*,TEN,QB,26,12,10,152,259,1879,10,7,55,281,5.11,2,0,0,0,,0,8,2,2,,,137,137.3,152.3,144.3,,24,
95,Brandon Jacobs,NYG,RB,27,15,15,0,0,0,0,0,224,835,3.73,5,31,18,184,10.22,1,2,1,6,,,136,153.9,160.9,144.9,,29,
96,Laurence Maroney,NWE,RB,24,15,5,0,0,0,0,0,194,757,3.90,9,18,14,99,7.07,0,4,3,9,,,134,147.6,153.6,140.6,,30,
97,Mark Sanchez,NYJ,QB,23,15,15,196,364,2444,12,20,36,106,2.94,3,0,0,0,,0,10,3,3,,2,132,132.4,161.4,152.4,,25,
98,Darren Sproles,SDG,RB,26,16,2,0,0,0,0,0,93,343,3.69,3,57,45,497,11.04,4,3,,8,,,132,177.0,183.0,154.5,,31,
99,Beanie Wells,ARI,RB,21,16,0,0,0,0,0,0,176,793,4.51,7,16,12,143,11.92,0,4,2,7,,,132,143.6,151.6,137.6,,32,
100,Ronnie Brown,MIA,RB,28,9,9,2,6,22,1,0,147,648,4.41,8,20,14,98,7.00,0,1,1,8,,,125,139.5,143.5,132.5,,33,
101,Justin Forsett,SEA,RB,24,16,2,0,0,0,0,0,114,619,5.43,4,57,41,350,8.54,1,4,1,5,,,125,165.9,172.9,145.4,,34,
102,Matthew Stafford,DET,QB,21,10,10,201,377,2267,13,20,20,108,5.40,2,0,0,0,,0,4,1,2,,1,125,125.5,152.5,145.5,,26,
103,LeSean McCoy,PHI,RB,21,16,4,0,0,0,0,0,155,637,4.11,4,55,40,308,7.70,0,2,1,4,1,,119,158.5,165.5,138.5,,35,
104,Reggie Bush,NOR,RB,24,14,8,0,0,0,0,0,70,390,5.57,5,68,47,335,7.13,3,4,2,8,,,117,163.5,171.5,140.0,,37,
105,Steve Slaton,HOU,RB,23,11,10,0,0,0,0,0,131,437,3.34,3,55,44,417,9.48,4,7,5,7,,,117,161.4,172.4,139.4,,36,
106,Jason Snelling,ATL,RB,26,14,2,0,0,0,0,0,142,613,4.32,4,39,30,259,8.63,1,2,1,5,,,115,145.2,152.2,130.2,,38,
107,Julius Jones,SEA,RB,28,14,14,0,0,0,0,0,177,663,3.75,2,43,35,232,6.63,2,0,,4,,,114,148.5,154.5,131.0,,39,
108,Jerricho Cotchery,NYJ,WR,27,14,12,0,0,0,0,0,2,7,3.50,1,96,57,821,14.40,3,1,,4,,,107,163.8,166.8,135.3,,33,
109,T.J. Houshmandzadeh,SEA,WR,32,16,16,0,0,0,0,0,0,0,,0,135,79,911,11.53,3,2,1,3,,,107,186.1,190.1,146.6,,31,
110,Santana Moss,WAS,WR,30,16,16,0,0,0,0,0,2,8,4.00,0,120,70,902,12.89,3,2,1,3,,,107,177.0,181.0,142.0,,32,
111,Patrick Crayton,DAL,WR,30,16,6,0,0,0,0,0,4,28,7.00,0,67,37,622,16.81,5,4,1,7,,,105,142.0,146.0,123.5,,34,
112,Chris Chambers,2TM,WR,31,16,14,0,0,0,0,0,0,0,,0,92,45,730,16.22,5,0,,5,,,103,148.0,151.0,125.5,,36,
113,Lee Evans,BUF,WR,28,16,16,0,0,0,0,0,0,0,,0,96,44,612,13.91,7,0,,7,,,103,147.2,150.2,125.2,,35,
114,Pierre Garcon,IND,WR,23,14,13,0,0,0,0,0,2,10,5.00,0,92,47,765,16.28,4,1,,4,,,102,148.5,151.5,125.0,,37,
115,Jeremy Maclin,PHI,WR,21,15,13,0,0,0,0,0,2,-7,-3.50,0,91,56,773,13.80,4,0,,4,,,101,156.6,159.6,128.6,,38,
116,Roy Williams,DAL,WR,28,15,13,0,0,0,0,0,0,0,,0,86,38,596,15.68,7,1,1,7,,,100,137.6,141.6,118.6,,39,
117,Nate Burleson,SEA,WR,28,13,12,0,0,0,0,0,2,4,2.00,0,103,63,812,12.89,3,3,2,3,,,96,158.6,163.6,127.1,,40,
118,Jermichael Finley,GNB,TE,22,13,10,0,0,0,0,0,0,0,,0,72,55,676,12.29,5,1,1,5,,,96,150.6,154.6,123.1,,13,
119,Josh Freeman,TAM,QB,21,10,9,158,290,1855,10,18,30,161,5.37,0,1,0,1,,0,10,1,0,1,1,96,96.4,121.4,114.4,,27,
Rk,Player,Tm,FantPos,Age,G,GS,Cmp,Att,Yds,TD,Int,Att,Yds,Y/A,TD,Tgt,Rec,Yds,Y/R,TD,Fmb,FL,TD,2PM,2PP,FantPt,PPR,DKPt,FDPt,VBD,PosRank,OvRank
120,Todd Heap,BAL,TE,29,16,16,0,0,0,0,0,1,2,2.00,0,75,53,593,11.19,6,1,,6,,,96,148.5,151.5,122.0,,14,
121,Devery Henderson,NOR,WR,27,16,11,0,0,0,0,0,4,13,3.25,0,83,51,804,15.76,2,0,,2,,,94,144.7,147.7,119.2,,42,
122,Felix Jones,DAL,RB,22,14,1,0,0,0,0,0,116,685,5.91,3,22,19,119,6.26,0,3,2,3,,,94,113.4,121.4,103.9,,40,
123,Nate Washington,TEN,WR,26,16,15,0,0,0,0,0,2,15,7.50,0,95,47,569,12.11,6,1,,6,,,94,141.4,144.4,117.9,,41,
124,Mike Bell,NOR,RB,26,13,3,0,0,0,0,0,172,654,3.80,5,4,4,12,3.00,0,2,2,5,,,93,96.6,101.6,94.6,,41,
125,Earl Bennett,CHI,WR,22,16,15,0,0,0,0,0,0,0,,0,88,54,717,13.28,2,2,,3,1,,92,145.7,148.7,118.7,,44,
126,Steve Breaston,ARI,WR,26,15,6,0,0,0,0,0,2,44,22.00,0,82,55,712,12.95,3,2,1,3,,,92,146.6,150.6,119.1,,45,
127,Braylon Edwards,2TM,WR,26,16,15,0,1,0,0,0,0,0,,0,95,45,680,15.11,4,1,1,4,1,,92,137.0,141.0,114.5,,43,
128,Devin Hester,CHI,WR,27,13,12,0,0,0,0,0,6,-1,-0.17,0,91,57,757,13.28,3,3,1,3,,,92,148.6,152.6,120.1,,46,
129,Correll Buckhalter,DEN,RB,31,14,7,0,0,0,0,0,120,642,5.35,1,38,31,240,7.74,0,3,2,1,,,90,121.2,129.2,105.7,,42,
130,Ryan Fitzpatrick,BUF,QB,27,10,8,127,227,1422,9,10,31,141,4.55,1,0,0,0,,0,3,2,1,,,89,89.0,107.0,99.0,,28,
131,Donnie Avery,STL,WR,25,16,16,0,0,0,0,0,4,30,7.50,0,97,47,589,12.53,5,2,2,5,,,88,134.9,139.9,111.4,,47,
132,Kevin Boss,NYG,TE,25,15,15,0,0,0,0,0,1,16,16.00,0,69,42,567,13.50,5,0,,5,,,88,130.3,133.3,109.3,,15,
133,Jacoby Jones,HOU,WR,25,14,1,0,0,0,0,0,3,22,7.33,0,40,27,437,16.19,6,2,,7,,,88,114.9,117.9,101.4,,48,
134,Fred Davis,WAS,TE,23,16,10,0,0,0,0,0,0,0,,0,76,48,509,10.60,6,0,,6,,,87,134.9,137.9,110.9,,16,
135,Bernard Berrian,MIN,WR,29,16,15,0,0,0,0,0,0,0,,0,92,55,618,11.24,4,0,,4,,,86,140.8,143.8,113.3,,50,
136,Kenny Britt,TEN,WR,21,16,6,0,0,0,0,0,0,0,,0,75,42,701,16.69,3,1,1,3,,,86,128.1,132.1,107.1,,49,
137,Jabar Gaffney,DEN,WR,29,16,7,0,0,0,0,0,0,0,,0,87,54,732,13.56,2,0,,2,,,85,139.2,142.2,112.2,,51,
138,Johnny Knox*,CHI,WR,23,15,0,0,0,0,0,0,0,0,,0,80,45,527,11.71,5,3,2,6,,,85,129.7,134.7,107.2,,52,
139,Chester Taylor,MIN,RB,30,16,0,0,0,0,0,0,94,338,3.60,1,59,44,389,8.84,1,2,,2,,,85,128.7,134.7,106.7,,43,
140,Antonio Bryant,TAM,WR,28,13,11,0,0,0,0,0,0,0,,0,86,39,600,15.38,4,0,,4,,,84,123.0,126.0,103.5,,53,
141,Malcom Floyd,SDG,WR,28,16,9,0,0,0,0,0,0,0,,0,76,45,776,17.24,1,0,,1,,,84,128.6,131.6,106.1,,54,
142,Davone Bess,MIA,WR,24,16,2,0,0,0,0,0,2,11,5.50,0,113,76,758,9.97,2,6,3,2,,,83,158.9,164.9,120.9,,55,
143,Dwayne Bowe,KAN,WR,25,11,9,0,0,0,0,0,0,0,,0,87,47,589,12.53,4,1,,4,,,83,129.9,132.9,106.4,,56,
144,Michael Bush,OAK,RB,25,16,7,0,1,0,0,0,123,589,4.79,3,19,17,105,6.18,0,2,2,3,,,83,100.4,108.4,91.9,,44,
145,Brady Quinn,CLE,QB,25,10,9,136,256,1339,8,7,20,98,4.90,1,1,1,18,18.00,0,4,3,1,,,83,84.2,97.2,90.7,,29,
146,Laveranues Coles,CIN,WR,32,16,13,0,0,0,0,0,2,10,5.00,0,77,43,514,11.95,5,0,,5,,,82,125.4,128.4,103.9,,57,
147,Josh Cribbs*+,CLE,WR,26,16,12,1,4,18,0,1,55,381,6.93,1,37,20,135,6.75,1,6,2,6,,,82,102.3,111.3,93.3,,58,
148,Owen Daniels,HOU,TE,27,8,8,0,0,0,0,0,0,0,,0,58,40,519,12.98,5,1,,5,,,82,121.9,124.9,101.9,,17,
149,Kevin Faulk,NWE,RB,33,15,7,0,0,0,0,0,62,335,5.40,2,53,37,301,8.14,1,1,1,3,,,80,116.6,123.6,98.1,,45,
Rk,Player,Tm,FantPos,Age,G,GS,Cmp,Att,Yds,TD,Int,Att,Yds,Y/A,TD,Tgt,Rec,Yds,Y/R,TD,Fmb,FL,TD,2PM,2PP,FantPt,PPR,DKPt,FDPt,VBD,PosRank,OvRank
150,Jason Avant,PHI,WR,26,16,9,0,0,0,0,0,0,0,,0,58,41,587,14.32,3,1,,3,1,,79,119.7,122.7,99.2,,60,
151,Jake Delhomme,CAR,QB,34,11,11,178,321,2015,8,18,17,60,3.53,0,0,0,0,,0,6,3,0,,1,79,78.6,102.6,96.6,,30,
152,Louis Murphy,OAK,WR,22,16,9,0,0,0,0,0,6,31,5.17,0,96,34,521,15.32,4,0,,4,,,79,113.2,116.2,96.2,,59,
153,Justin Fargas,OAK,RB,29,12,4,0,0,0,0,0,129,491,3.81,3,21,17,113,6.65,0,1,,3,,,78,95.4,101.4,86.9,,46,
154,Brian Hartline,MIA,WR,23,16,2,0,0,0,0,0,4,29,7.25,1,56,31,506,16.32,3,0,,4,,,78,108.5,111.5,93.0,,62,
155,Mohamed Massaquoi,CLE,WR,23,16,11,0,0,0,0,0,1,-3,-3.00,0,95,34,624,18.35,3,1,1,3,,,78,112.1,116.1,95.1,,61,
156,Ryan Moats,HOU,RB,27,14,2,0,0,0,0,0,101,390,3.86,4,15,13,106,8.15,1,3,1,5,,,78,90.6,97.6,84.1,,47,
157,Josh Morgan,SFO,WR,24,16,15,0,0,0,0,0,5,61,12.20,0,80,52,527,10.13,3,0,,3,,,77,128.8,131.8,102.8,,63,
158,Kevin Walter,HOU,WR,28,14,14,0,0,0,0,0,4,26,6.50,0,70,53,611,11.53,2,0,,2,,,76,128.7,131.7,102.2,,64,
159,Jeremy Shockey,NOR,TE,29,13,12,0,0,0,0,0,0,0,,0,67,48,569,11.85,3,0,,3,,,75,122.9,125.9,98.9,,18,
160,James Jones,GNB,WR,25,16,3,0,0,0,0,0,0,0,,0,62,32,440,13.75,5,0,,5,,,74,106.0,109.0,90.0,,65,
161,Derrick Ward,TAM,RB,29,14,1,0,0,0,0,0,114,409,3.59,1,24,20,150,7.50,2,0,,3,,,74,93.9,99.9,83.9,,48,
162,Michael Crabtree,SFO,WR,22,11,11,0,0,0,0,0,0,0,,0,86,48,625,13.02,2,1,1,2,,,73,120.5,124.5,96.5,,66,
163,Marshawn Lynch,BUF,RB,23,13,6,0,0,0,0,0,120,450,3.75,2,37,28,179,6.39,0,3,1,2,,,73,100.9,107.9,86.9,,50,
164,Maurice Morris,DET,RB,30,14,3,0,0,0,0,0,93,384,4.13,2,38,26,210,8.08,0,1,,2,1,,73,99.4,105.4,86.4,,49,
165,Torry Holt,JAX,WR,33,15,12,0,0,0,0,0,0,0,,0,103,51,722,14.16,0,1,1,0,,,70,121.2,125.2,95.7,,67,
166,Michael Jenkins,ATL,WR,27,15,9,0,0,0,0,0,0,0,,0,90,50,635,12.70,1,0,,1,,,70,119.5,122.5,94.5,,68,
167,Matt Moore,CAR,QB,25,7,5,85,138,1053,8,2,12,-3,-0.25,0,0,0,0,,0,2,,0,,,70,69.8,74.8,71.8,,31,
168,Ben Watson,NWE,TE,29,16,7,0,0,0,0,0,0,0,,0,41,29,404,13.93,5,0,,5,,,70,99.4,102.4,84.9,,19,
169,Leonard Weaver*+,PHI,RB,27,16,8,0,0,0,0,0,70,323,4.61,2,26,15,140,9.33,2,0,,4,,,70,85.3,91.3,77.8,,51,
170,Tashard Choice,DAL,RB,25,16,0,0,0,0,0,0,64,349,5.45,3,22,15,132,8.80,0,0,,3,1,,68,83.1,89.1,75.6,,52,
171,Ted Ginn Jr.,MIA,WR,24,16,12,0,0,0,0,0,7,48,6.86,0,78,38,454,11.95,1,2,,3,,,68,106.2,109.2,87.2,,69,
172,Marc Bulger,STL,QB,32,9,8,140,247,1469,5,6,8,22,2.75,0,0,0,0,,0,6,1,0,,,67,67.0,77.0,73.0,,33,
173,Trent Edwards,BUF,QB,26,8,7,110,183,1169,6,7,14,106,7.57,0,0,0,0,,0,1,,0,,,67,67.4,80.4,74.4,,32,
174,Bruce Gradkowski,OAK,QB,26,7,4,82,150,1007,6,3,18,108,6.00,0,0,0,0,,0,5,2,0,,,65,65.1,76.1,68.1,,34,
175,Dustin Keller,NYJ,TE,25,16,12,0,0,0,0,0,1,7,7.00,0,82,45,522,11.60,2,1,1,2,1,,65,109.9,113.9,87.4,,20,
176,Clinton Portis,WAS,RB,28,8,8,0,1,0,0,0,124,494,3.98,1,12,9,57,6.33,1,1,1,2,,,65,74.1,78.1,69.6,,53,
177,Larry Johnson,2TM,RB,30,14,7,0,0,0,0,0,178,581,3.26,0,21,15,80,5.33,0,2,1,0,,,64,79.1,83.1,71.6,,54,
178,Marcedes Lewis,JAX,TE,25,15,15,0,0,0,0,0,0,0,,0,59,32,518,16.19,2,1,,2,,,64,95.8,98.8,79.8,,21,
179,Muhsin Muhammad,CAR,WR,36,14,13,0,0,0,0,0,0,0,,0,89,53,581,10.96,1,0,,1,,,64,117.1,120.1,90.6,,70,
Rk,Player,Tm,FantPos,Age,G,GS,Cmp,Att,Yds,TD,Int,Att,Yds,Y/A,TD,Tgt,Rec,Yds,Y/R,TD,Fmb,FL,TD,2PM,2PP,FantPt,PPR,DKPt,FDPt,VBD,PosRank,OvRank
180,Donald Brown,IND,RB,22,11,1,0,0,0,0,0,78,281,3.60,3,14,11,169,15.36,0,1,,3,,,63,74.0,80.0,68.5,,55,
181,Mark Clayton,BAL,WR,27,14,12,1,1,0,0,0,4,28,7.00,0,74,34,480,14.12,2,1,1,2,,,61,94.8,98.8,77.8,,71,
182,Kerry Collins,TEN,QB,37,7,6,119,216,1225,6,8,11,15,1.36,1,0,0,0,,0,3,2,1,,,61,60.5,73.5,68.5,,35,
183,Jamal Lewis,CLE,RB,30,9,8,0,0,0,0,0,143,500,3.50,0,11,8,88,11.00,0,0,,0,1,,61,68.8,71.8,64.8,,56,
184,Shonn Greene,NYJ,RB,24,14,0,0,0,0,0,0,108,540,5.00,2,5,0,0,,0,3,3,2,,,60,60.0,66.0,60.0,,58,
185,Bryant Johnson,DET,WR,28,16,16,0,0,0,0,0,0,0,,0,87,35,417,11.91,3,0,,3,,,60,94.7,97.7,77.2,,72,
186,Darren McFadden,OAK,RB,22,12,7,0,0,0,0,0,104,357,3.43,1,36,21,245,11.67,0,5,3,1,,,60,81.2,90.2,70.7,,57,
187,Sammy Morris,NWE,RB,32,12,5,0,0,0,0,0,73,319,4.37,2,27,19,180,9.47,0,2,1,2,,,60,78.9,85.9,69.4,,59,
188,Andre Caldwell,CIN,WR,24,16,3,0,0,0,0,0,3,22,7.33,0,80,51,432,8.47,3,4,2,3,,,59,110.4,115.4,84.9,,73,
189,Shaun Hill,SFO,QB,29,6,6,87,155,943,5,2,8,70,8.75,0,0,0,0,,0,3,1,0,,,59,58.7,64.7,60.7,,36,
190,Mike Thomas,JAX,WR,22,14,4,0,0,0,0,0,12,86,7.17,0,62,48,453,9.44,1,1,1,1,,,58,105.9,109.9,81.9,,74,
191,Mike Tolbert,SDG,RB,24,16,3,0,0,0,0,0,25,148,5.92,1,22,17,192,11.29,3,1,,4,,,58,75.0,81.0,66.5,,60,
192,Brian Westbrook,PHI,RB,30,8,7,0,1,0,0,0,61,274,4.49,1,34,25,181,7.24,1,0,,2,,,58,82.5,88.5,70.0,,61,
193,Brandon Stokley,DEN,WR,33,16,2,0,0,0,0,0,0,0,,0,33,19,327,17.21,4,0,,4,,,57,75.7,78.7,66.2,,75,
194,Justin Gage,TEN,WR,28,12,10,0,0,0,0,0,0,0,,0,67,28,383,13.68,3,0,,3,,,56,84.3,87.3,70.3,,76,
195,Deion Branch,SEA,WR,30,14,5,0,0,0,0,0,1,-8,-8.00,0,79,45,437,9.71,2,0,,2,,,55,99.9,102.9,77.4,,79,
196,Greg Camarillo,MIA,WR,27,16,16,0,0,0,0,0,0,0,,0,72,50,552,11.04,0,0,,0,,,55,105.2,108.2,80.2,,77,
197,Kelley Washington,BAL,WR,30,15,2,0,0,0,0,0,1,1,1.00,0,48,34,431,12.68,2,0,,2,,,55,89.2,92.2,72.2,,78,
198,Devin Aromashodu,CHI,WR,25,10,2,0,0,0,0,0,0,0,,0,43,24,298,12.42,4,0,,4,,,54,77.8,80.8,65.8,,80,
199,Tony Scheffler,DEN,TE,26,15,9,0,0,0,0,0,0,0,,0,50,31,416,13.42,2,0,,2,,,54,84.6,87.6,69.1,,22,
200,Rock Cartwright,WAS,RB,30,16,2,0,0,0,0,0,64,228,3.56,0,32,27,242,8.96,1,0,,1,,,53,80.0,86.0,66.5,,62,
201,Ladell Betts,WAS,RB,30,10,2,0,0,0,0,0,56,210,3.75,2,21,17,179,10.53,0,0,,2,,,51,67.9,73.9,59.4,,64,
202,Arian Foster,HOU,RB,23,6,1,0,0,0,0,0,54,257,4.76,3,9,8,93,11.63,0,1,1,3,,,51,59.0,63.0,55.0,,63,
203,Fred Taylor,NWE,RB,33,6,1,0,0,0,0,0,63,269,4.27,4,3,2,17,8.50,0,1,1,4,,,51,52.6,56.6,51.6,,65,
204,Brandon Jackson,GNB,RB,24,12,0,0,0,0,0,0,37,111,3.00,2,26,21,187,8.90,1,1,,3,1,,50,70.8,76.8,60.3,,66,
205,Devin Thomas,WAS,WR,23,14,10,0,0,0,0,0,3,-2,-0.67,0,47,25,325,13.00,3,0,,3,,,50,75.3,78.3,62.8,,81,
206,Willie Parker,PIT,RB,29,14,3,0,0,0,0,0,98,389,3.97,0,7,6,64,10.67,1,2,1,1,,,49,55.3,59.3,52.3,,67,
207,Antwaan Randle El,WAS,WR,30,16,3,0,0,0,0,0,0,0,,0,77,50,530,10.60,0,4,2,0,,,49,99.0,104.0,74.0,,82,
208,Chaz Schilens,OAK,WR,24,8,8,0,0,0,0,0,0,0,,0,52,29,365,12.59,2,0,,2,,,49,77.5,80.5,63.0,,83,
209,Chris Brown,HOU,RB,28,14,4,0,1,0,0,1,79,267,3.38,3,21,16,74,4.63,0,1,1,3,,,48,64.1,69.1,57.1,,68,
Rk,Player,Tm,FantPos,Age,G,GS,Cmp,Att,Yds,TD,Int,Att,Yds,Y/A,TD,Tgt,Rec,Yds,Y/R,TD,Fmb,FL,TD,2PM,2PP,FantPt,PPR,DKPt,FDPt,VBD,PosRank,OvRank
210,Quinton Ganther,WAS,RB,25,8,4,0,0,0,0,0,62,201,3.24,3,10,9,99,11.00,0,0,,3,,,48,57.0,60.0,52.5,,69,
211,Will Heller,DET,TE,28,16,9,0,0,0,0,0,0,0,,0,50,29,296,10.21,3,0,,3,,,48,76.6,79.6,62.1,,24,
212,Jerious Norwood,ATL,RB,26,10,4,0,0,0,0,0,76,252,3.32,0,22,19,186,9.79,1,1,1,1,,,48,66.8,73.8,57.3,,70,
213,Bo Scaife,TEN,TE,28,14,10,0,0,0,0,0,0,0,,0,70,45,440,9.78,1,1,1,1,,,48,93.0,97.0,70.5,,23,
214,Bobby Wade,KAN,WR,28,12,6,0,0,0,0,0,3,11,3.67,0,74,36,367,10.19,2,3,1,2,,,48,83.8,87.8,65.8,,84,
215,Mark Bradley,KAN,WR,27,13,6,1,1,26,0,0,2,20,10.00,0,57,24,320,13.33,2,0,,2,,,47,71.0,74.0,59.0,,85,
216,Daunte Culpepper,DET,QB,32,8,5,89,157,945,3,6,18,91,5.06,0,0,0,0,,0,4,,0,,,47,46.9,55.9,52.9,,37,
217,Brandon Pettigrew,DET,TE,24,11,11,0,0,0,0,0,0,0,,0,54,30,346,11.53,2,1,,2,,,47,76.6,79.6,61.6,,25,
218,Sam Aiken,NWE,WR,29,14,7,0,0,0,0,0,0,0,,0,41,20,326,16.30,2,0,,2,,,45,64.6,67.6,54.6,,87,
219,Chris Cooley,WAS,TE,27,7,7,0,0,0,0,0,0,0,,0,45,29,332,11.45,2,1,,2,,,45,74.2,77.2,59.7,,26,
220,Eddie Royal,DEN,WR,23,14,12,0,0,0,0,0,1,1,1.00,0,79,37,345,9.32,0,1,1,2,,,45,81.6,85.6,63.1,,88,
221,Bernard Scott,CIN,RB,25,13,2,0,0,0,0,0,74,321,4.34,0,8,5,67,13.40,0,1,,1,,,45,49.8,52.8,47.3,,71,
222,Sammie Stroughter,TAM,WR,23,13,0,0,0,0,0,0,0,0,,0,60,31,334,10.77,1,0,,2,,,45,76.4,79.4,60.9,,86,
223,Anthony Fasano,MIA,TE,25,14,14,0,0,0,0,0,0,0,,0,53,31,339,10.94,2,2,1,2,,,44,74.9,78.9,59.4,,27,
224,Kevin Kolb,PHI,QB,25,5,2,62,96,741,4,3,5,-1,-0.20,1,0,0,0,,0,2,1,1,,,44,43.5,50.5,46.5,,38,
225,Le'Ron McClain*,BAL,RB,25,16,14,0,0,0,0,0,46,180,3.91,2,27,21,141,6.71,0,0,,2,,,44,65.1,71.1,54.6,,73,
226,Jordy Nelson,GNB,WR,24,13,0,0,0,0,0,0,0,0,,0,31,22,320,14.55,2,3,,2,,,44,66.0,69.0,55.0,,90,
227,Chansi Stuckey,2TM,WR,26,15,3,0,0,0,0,0,2,6,3.00,0,66,30,318,10.60,2,0,,2,,,44,74.4,77.4,59.4,,89,
228,Leon Washington,NYJ,RB,27,7,0,0,0,0,0,0,72,331,4.60,0,26,15,131,8.73,0,1,1,0,,,44,59.2,66.2,51.7,,72,
229,Daniel Fells,STL,TE,26,14,4,0,0,0,0,0,0,0,,0,35,21,273,13.00,3,1,1,3,,,43,64.3,68.3,53.8,,28,
230,Lex Hilliard,MIA,RB,25,16,0,0,0,0,0,0,23,89,3.87,1,20,20,158,7.90,2,0,,3,,,43,62.7,65.7,52.7,,75,
231,Mewelde Moore,PIT,RB,27,16,0,1,1,6,1,0,35,118,3.37,0,31,21,153,7.29,2,0,,2,,,43,64.3,70.3,53.8,,74,
232,Dante Rosario,CAR,TE,25,14,8,0,0,0,0,0,0,0,,0,48,26,313,12.04,2,0,,2,,,43,69.3,72.3,56.3,,29,
233,Maurice Stovall,TAM,WR,24,15,7,0,0,0,0,0,0,0,,0,47,24,366,15.25,1,0,,1,,,43,66.6,69.6,54.6,,91,
234,Julian Edelman,NWE,WR,23,11,7,0,0,0,0,0,2,5,2.50,0,54,37,359,9.70,1,1,,1,,,42,79.4,82.4,60.9,,92,
235,Chris Redman,ATL,QB,32,6,2,69,119,781,4,3,6,4,0.67,0,0,0,0,,0,1,,0,,,42,41.6,47.6,44.6,,39,
236,David Thomas,NOR,TE,26,15,8,0,0,0,0,0,0,0,,0,48,35,356,10.17,1,0,,1,,,42,76.6,79.6,59.1,,30,
237,Seneca Wallace,SEA,QB,29,13,2,78,120,700,3,2,16,2,0.13,1,3,2,29,14.50,0,5,2,1,,,41,43.1,50.1,44.1,,40,
238,Kyle Boller,STL,QB,28,7,4,98,176,899,3,6,13,76,5.85,0,0,0,0,,0,2,2,0,,,40,39.6,50.6,45.6,,42,
239,Josh Johnson,TAM,QB,23,6,4,63,125,685,4,8,22,148,6.73,0,0,0,0,,0,7,1,0,,,40,40.2,55.2,48.2,,41,
Rk,Player,Tm,FantPos,Age,G,GS,Cmp,Att,Yds,TD,Int,Att,Yds,Y/A,TD,Tgt,Rec,Yds,Y/R,TD,Fmb,FL,TD,2PM,2PP,FantPt,PPR,DKPt,FDPt,VBD,PosRank,OvRank
240,Dennis Northcutt,DET,WR,32,16,2,0,0,0,0,0,0,0,,0,63,35,357,10.20,1,2,1,1,,,40,74.7,78.7,57.2,,94,
241,Brad Smith,NYJ,WR,26,13,2,1,1,27,0,0,18,207,11.50,1,12,7,63,9.00,0,0,,2,,,40,47.1,50.1,43.6,,93,
242,Brandon Gibson,2TM,WR,22,10,4,0,0,0,0,0,0,0,,0,69,34,348,10.24,1,2,1,1,,,39,72.8,76.8,55.8,,95,
243,Randy McMichael,STL,TE,30,16,16,0,0,0,0,0,0,0,,0,62,34,332,9.76,1,0,,1,,,39,73.2,76.2,56.2,,31,
244,Joel Dreessen,HOU,TE,27,16,11,0,0,0,0,0,0,0,,0,39,26,320,12.31,1,0,,1,,,38,64.0,67.0,51.0,,32,
245,Jeff King,CAR,TE,26,16,15,0,0,0,0,0,0,0,,0,33,25,200,8.00,3,1,,3,,,38,63.0,66.0,50.5,,33,
246,Legedu Naanee,SDG,WR,26,15,1,1,1,21,0,0,3,7,2.33,0,29,24,242,10.08,2,0,,2,,,38,61.7,64.7,49.7,,96,
247,David Anderson,HOU,TE,26,16,8,0,0,0,0,0,0,0,,0,53,38,370,9.74,0,0,,0,,,37,75.0,78.0,56.0,,34,
248,Danny Amendola,STL,WR,24,14,2,0,0,0,0,0,3,-2,-0.67,0,63,43,326,7.58,1,4,1,1,,,36,79.4,83.4,57.9,,97,
249,Glen Coffee,SFO,RB,22,14,2,0,0,0,0,0,83,226,2.72,1,18,11,76,6.91,0,0,,1,,,36,47.2,50.2,41.7,,77,
250,J.P. Foschi,CIN,TE,27,15,10,0,0,0,0,0,0,0,,0,37,27,260,9.63,2,1,1,2,,,36,63.0,67.0,49.5,,35,
251,Chris Henry,CIN,WR,26,8,0,0,0,0,0,0,0,0,,0,23,12,236,19.67,2,0,,2,,,36,47.6,50.6,41.6,,98,
252,Rashad Jennings,JAX,RB,24,15,0,0,0,0,0,0,39,202,5.18,1,18,16,101,6.31,0,0,,1,,,36,52.3,58.3,44.3,,76,
253,Daniel Graham,DEN,TE,31,16,14,0,0,0,0,0,0,0,,0,43,28,289,10.32,1,0,,1,,,35,62.9,65.9,48.9,,36,
254,Malcolm Kelly,WAS,WR,23,16,10,0,0,0,0,0,0,0,,0,41,25,347,13.88,0,0,,0,,,35,59.7,62.7,47.2,,99,
255,Derek Anderson,CLE,QB,26,8,7,81,182,888,3,10,10,8,0.80,2,0,0,0,,0,5,3,2,,,34,34.3,50.3,44.3,,44,
256,Chris Jennings,CLE,RB,24,9,1,0,0,0,0,0,63,220,3.49,1,13,9,56,6.22,0,0,,1,,,34,42.6,45.6,38.1,,78,
257,Byron Leftwich,TAM,QB,29,3,3,58,107,594,4,3,6,6,1.00,0,0,0,0,,0,2,,0,,,34,34.4,40.4,37.4,,43,
258,Zach Miller,JAX,TE,25,14,0,0,0,0,0,0,1,3,3.00,0,27,21,212,10.10,2,0,,2,,,34,54.5,57.5,44.0,,37,
259,JaMarcus Russell,OAK,QB,24,12,9,120,246,1287,3,11,18,44,2.44,0,0,0,0,,0,9,6,0,,,34,33.9,53.9,44.9,,45,
260,LenDale White,TEN,RB,25,13,0,0,0,0,0,0,64,222,3.47,2,5,3,14,4.67,0,1,1,2,,,34,36.6,40.6,35.1,,79,
261,Josh Reed,BUF,WR,29,14,4,0,0,0,0,0,0,0,,0,45,27,291,10.78,1,3,1,1,,,33,60.1,64.1,46.6,,100,
262,Donald Lee,GNB,TE,29,16,10,0,0,0,0,0,0,0,,0,54,37,260,7.03,1,0,,1,,,32,69.0,72.0,50.5,,38,
263,Michael Clayton,TAM,WR,27,13,11,0,1,0,0,0,0,0,,0,48,16,230,14.38,1,0,,1,1,,31,47.0,50.0,39.0,,101,
264,Brian Leonard,CIN,RB,25,14,1,0,0,0,0,0,27,84,3.11,0,35,30,217,7.23,0,1,1,0,1,,30,60.1,64.1,45.1,,80,
265,Lynell Hamilton,NOR,RB,24,9,1,0,0,0,0,0,35,125,3.57,2,7,5,48,9.60,0,0,,2,,,29,34.3,37.3,31.8,,81,
266,Michael Vick,PHI,QB,29,12,1,6,13,86,1,0,24,95,3.96,2,0,0,0,,0,0,,2,,,29,28.9,28.9,28.9,,46,
267,Aaron Brown,DET,RB,24,15,2,0,0,0,0,0,27,131,4.85,0,15,9,84,9.33,1,0,,1,,,28,36.5,39.5,32.0,,84,
268,Joey Haynos,MIA,TE,25,16,8,0,0,0,0,0,0,0,,0,37,19,162,8.53,2,1,,2,,,28,47.2,50.2,37.7,,39,
269,Mike Sellers,WAS,RB,34,15,7,0,0,0,0,0,0,0,,0,26,17,176,10.35,2,1,1,2,,,28,44.6,48.6,36.1,,83,
Rk,Player,Tm,FantPos,Age,G,GS,Cmp,Att,Yds,TD,Int,Att,Yds,Y/A,TD,Tgt,Rec,Yds,Y/R,TD,Fmb,FL,TD,2PM,2PP,FantPt,PPR,DKPt,FDPt,VBD,PosRank,OvRank
270,Chad Simpson,IND,RB,24,14,0,0,0,0,0,0,15,102,6.80,2,4,3,1,0.33,0,0,,3,,,28,31.3,34.3,29.8,,82,
271,Desmond Clark,CHI,TE,32,11,7,0,0,0,0,0,0,0,,0,34,19,145,7.63,2,0,,2,,,27,45.5,48.5,36.0,,41,
272,Early Doucet,ARI,WR,24,9,0,0,0,0,0,0,0,0,,0,24,17,214,12.59,1,0,,1,,,27,44.4,47.4,35.9,,102,
273,Heath Evans,NOR,RB,31,6,5,0,0,0,0,0,5,16,3.20,1,13,10,70,7.00,2,0,,3,,,27,36.6,36.6,31.6,,85,
274,Domenik Hixon,NYG,WR,25,14,2,0,0,0,0,0,0,0,,0,28,15,187,12.47,1,3,2,2,,,27,41.7,46.7,34.2,,104,
275,Lance Moore,NOR,WR,26,7,0,0,0,0,0,0,0,0,,0,19,14,153,10.93,2,0,,2,,,27,41.3,44.3,34.3,,103,
276,Ben Patrick,ARI,TE,25,9,7,0,0,0,0,0,0,0,,0,16,12,146,12.17,2,0,,2,,,27,38.6,41.6,32.6,,40,
277,Chris Baker,NWE,TE,30,16,7,0,0,0,0,0,0,0,,0,19,14,142,10.14,2,0,,2,,,26,40.2,43.2,33.2,,42,
278,Isaac Bruce,SFO,WR,37,10,7,0,0,0,0,0,1,-8,-8.00,0,49,21,264,12.57,0,0,,0,,,26,46.6,49.6,36.1,,106,
279,Alge Crumpler,TEN,TE,32,16,14,0,0,0,0,0,0,0,,0,37,27,222,8.22,1,1,1,1,,,26,53.2,57.2,39.7,,43,
280,Kellen Davis,CHI,TE,24,16,2,0,0,0,0,0,0,0,,0,14,9,75,8.33,3,0,,3,,,26,34.5,34.5,30.0,,44,
281,Johnnie Lee Higgins,OAK,WR,26,15,5,0,0,0,0,0,2,21,10.50,0,45,19,263,13.84,0,4,1,0,,,26,45.4,49.4,35.9,,105,
282,Dwayne Jarrett,CAR,WR,23,13,2,0,0,0,0,0,0,0,,0,31,17,196,11.53,1,0,,1,,,26,42.6,45.6,34.1,,107,
283,Sean Ryan,KAN,TE,29,10,8,0,0,0,0,0,0,0,,0,27,14,135,9.64,2,0,,2,,,26,39.5,42.5,32.5,,45,
284,Marty Booker,ATL,WR,33,16,1,0,0,0,0,0,1,7,7.00,0,31,16,181,11.31,1,0,,1,,,25,40.8,43.8,32.8,,110,
285,Keenan Burton,STL,WR,25,9,6,0,0,0,0,0,0,0,,0,45,25,253,10.12,0,0,,0,,,25,50.3,53.3,37.8,,108,
286,David Clowney,NYJ,WR,24,13,3,0,0,0,0,0,3,1,0.33,0,22,14,191,13.64,1,1,,1,,,25,39.2,42.2,32.2,,109,
287,Kenneth Darby,STL,RB,27,16,1,0,0,0,0,0,27,152,5.63,0,24,18,96,5.33,0,0,,0,,,25,42.8,45.8,33.8,,86,
288,John Kuhn,GNB,RB,27,14,6,0,0,0,0,0,8,18,2.25,1,7,7,47,6.71,2,0,,3,,,25,31.5,31.5,28.0,,87,
289,Gary Barnidge,CAR,TE,24,16,3,0,0,0,0,0,0,0,,0,21,12,242,20.17,0,1,,0,,,24,36.2,39.2,30.2,,46,
290,Ahman Green,GNB,RB,32,8,0,0,0,0,0,0,41,160,3.90,1,5,3,18,6.00,0,0,,1,,,24,26.8,29.8,25.3,,88,
291,Justin Peelle,ATL,TE,30,15,8,0,0,0,0,0,0,0,,0,15,12,115,9.58,2,0,,2,,,24,35.5,38.5,29.5,,47,
292,Charlie Frye,OAK,QB,28,3,3,53,87,581,1,4,4,41,10.25,0,0,0,0,,0,0,,0,,,23,23.3,30.3,27.3,,47,
293,Leonard Pope,KAN,TE,26,13,8,0,0,0,0,0,0,0,,0,30,20,174,8.70,1,0,,1,,,23,43.4,46.4,33.4,,48,
294,Laurent Robinson,STL,WR,24,3,3,0,0,0,0,0,0,0,,0,23,13,167,12.85,1,0,,1,,,23,35.7,38.7,29.2,,111,
295,Delanie Walker,SFO,RB,25,16,8,0,0,0,0,0,3,34,11.33,0,33,21,233,11.10,0,2,2,0,,,23,43.7,48.7,33.2,,89,
296,Kahlil Bell,CHI,RB,23,7,0,0,0,0,0,0,40,220,5.50,0,3,1,4,4.00,0,0,,0,,,22,23.4,26.4,22.9,,90,
297,David Carr,NYG,QB,30,6,0,21,33,225,1,0,9,27,3.00,1,0,0,0,,0,1,,1,,,22,21.7,21.7,21.7,,48,
298,Vonta Leach,HOU,RB,28,16,4,0,0,0,0,0,0,0,,0,26,20,155,7.75,1,0,,1,,,22,41.5,44.5,31.5,,91,
299,Jason Hill,SFO,WR,24,11,0,0,0,0,0,0,0,0,,0,16,9,90,10.00,2,0,,2,,,21,30.0,30.0,25.5,,112,
Rk,Player,Tm,FantPos,Age,G,GS,Cmp,Att,Yds,TD,Int,Att,Yds,Y/A,TD,Tgt,Rec,Yds,Y/R,TD,Fmb,FL,TD,2PM,2PP,FantPt,PPR,DKPt,FDPt,VBD,PosRank,OvRank
300,Darrius Heyward-Bey,OAK,WR,22,11,11,0,0,0,0,0,2,19,9.50,0,40,9,124,13.78,1,0,,1,,,20,29.3,32.3,24.8,,113,
301,Brad Hoover,CAR,RB,33,11,4,0,0,0,0,0,20,52,2.60,1,9,4,23,5.75,1,1,,2,,,20,23.5,23.5,21.5,,93,
302,Shawn Nelson,BUF,TE,24,12,12,0,0,0,0,0,0,0,,0,29,17,156,9.18,1,2,1,1,,,20,36.6,40.6,28.1,,49,
303,LaRod Stephens-Howling,ARI,RB,22,16,2,0,0,0,0,0,6,15,2.50,0,18,10,83,8.30,1,1,1,2,,,20,29.8,30.8,24.8,,92,
304,Demetrius Williams,BAL,WR,26,12,0,0,0,0,0,0,0,0,,0,17,8,142,17.75,1,0,,1,,,20,28.2,31.2,24.2,,114,
305,Marcus Mason,WAS,RB,25,10,0,0,0,0,0,0,32,127,3.97,0,7,6,58,9.67,0,0,,0,,,19,24.5,27.5,21.5,,96,
306,Robert Royal,CLE,TE,30,13,11,0,0,0,0,0,0,0,,0,26,11,134,12.18,1,0,,1,,,19,30.4,33.4,24.9,,50,
307,Jerramy Stevens,TAM,TE,30,16,8,0,0,0,0,0,0,0,,0,32,15,130,8.67,1,0,,1,,,19,34.0,37.0,26.5,,51,
308,Jerheme Urban,ARI,WR,29,10,0,0,0,0,0,0,0,0,,0,29,18,186,10.33,0,0,,0,,,19,36.6,39.6,27.6,,115,
309,Garrett Wolfe,CHI,RB,25,8,0,0,0,0,0,0,22,120,5.45,1,3,2,12,6.00,0,0,,1,,,19,21.2,24.2,20.2,,94,
310,Jason Wright,ARI,RB,27,16,0,0,0,0,0,0,3,17,5.67,0,11,9,53,5.89,2,0,,2,,,19,28.0,28.0,23.5,,95,
311,Todd Yoder,WAS,TE,31,16,1,0,0,0,0,0,0,0,,0,5,4,9,2.25,3,0,,3,,,19,22.9,22.9,20.9,,52,
312,Deon Butler,SEA,WR,23,16,0,0,0,0,0,0,0,0,,0,42,15,175,11.67,0,0,,0,,,18,32.5,35.5,25.0,,120,
313,Jeff Dugan,MIN,TE,28,16,4,0,0,0,0,0,3,7,2.33,0,6,6,52,8.67,2,0,,2,,,18,23.9,23.9,20.9,,53,
314,Jerome Felton,DET,RB,23,13,8,0,0,0,0,0,15,46,3.07,0,17,13,133,10.23,0,0,,0,,,18,30.9,33.9,24.4,,98,
315,Earnest Graham,TAM,RB,29,13,6,0,0,0,0,0,14,66,4.71,0,22,14,109,7.79,0,0,,0,,,18,31.5,34.5,24.5,,99,
316,Mike Hart,IND,RB,23,9,0,0,0,0,0,0,26,70,2.69,1,8,5,54,10.80,0,0,,1,,,18,23.4,23.4,20.9,,97,
317,Sam Hurd,DAL,WR,24,16,1,0,0,0,0,0,0,0,,0,12,7,121,17.29,1,0,,1,,,18,25.1,28.1,21.6,,118,
318,Lance Long,2TM,WR,24,8,1,0,0,0,0,0,1,-1,-1.00,0,38,20,178,8.90,0,1,,0,,,18,37.7,40.7,27.7,,119,
319,Eric Weems,ATL,WR,24,16,0,0,0,0,0,0,8,53,6.63,0,6,6,50,8.33,2,3,2,2,,,18,24.3,26.3,21.3,,116,
320,Ernest Wilford,JAX,WR,30,15,7,0,0,0,0,0,0,0,,0,21,11,123,11.18,1,0,,1,,,18,29.3,32.3,23.8,,117,
321,Brodie Croyle,KAN,QB,26,3,1,23,40,230,2,0,0,0,,0,0,0,0,,0,1,,0,,,17,17.2,17.2,17.2,,49,
322,Dennis Dixon,PIT,QB,24,1,1,12,26,145,1,1,3,27,9.00,1,0,0,0,,0,0,,1,,,17,16.5,17.5,17.5,,50,
323,Lousaka Polite,MIA,RB,28,16,9,0,0,0,0,0,37,123,3.32,0,23,11,51,4.64,0,1,,0,,,17,28.4,31.4,22.9,,100,
324,Martellus Bennett,DAL,TE,22,14,6,0,0,0,0,0,0,0,,0,30,15,159,10.60,0,0,,0,,,16,30.9,33.9,23.4,,54,
325,Justin Griffith,SEA,RB,29,13,11,0,0,0,0,0,4,6,1.50,0,26,19,118,6.21,1,1,1,1,,,16,35.4,39.4,25.9,,101,
326,Derek Hagan,NYG,WR,25,16,0,0,0,0,0,0,0,0,,0,8,8,101,12.63,1,0,,1,,,16,24.1,27.1,20.1,,121,
327,Greg Lewis,MIN,WR,29,13,1,0,0,0,0,0,0,0,,0,11,8,96,12.00,1,0,,1,,,16,23.6,23.6,19.6,,122,
328,Evan Moore,CLE,TE,24,5,0,0,0,0,0,0,0,0,,0,23,12,158,13.17,0,0,,0,,,16,27.8,30.8,21.8,,55,
329,Reggie Brown,PHI,WR,28,14,2,0,0,0,0,0,1,-3,-3.00,0,24,9,155,17.22,0,0,,0,,,15,24.2,27.2,19.7,,123,
Rk,Player,Tm,FantPos,Age,G,GS,Cmp,Att,Yds,TD,Int,Att,Yds,Y/A,TD,Tgt,Rec,Yds,Y/R,TD,Fmb,FL,TD,2PM,2PP,FantPt,PPR,DKPt,FDPt,VBD,PosRank,OvRank
330,Keith Null,STL,QB,24,4,4,73,119,566,3,9,5,6,1.20,0,0,0,0,,0,3,1,0,,,15,15.2,28.2,24.2,,51,
331,Chad Pennington,MIA,QB,33,3,3,51,74,413,1,2,3,7,2.33,0,0,0,0,,0,3,1,0,,,15,15.2,21.2,17.2,,52,
332,Danny Woodhead,NYJ,WR,24,10,0,0,0,0,0,0,15,64,4.27,0,14,8,87,10.88,0,0,,0,,,15,23.1,23.1,19.1,,124,
333,Mike Cox,KAN,RB,24,16,10,0,0,0,0,0,3,5,1.67,1,13,10,79,7.90,0,0,,1,,,14,24.4,24.4,19.4,,102,
334,Jacob Hester,SDG,RB,24,15,10,0,0,0,0,0,21,74,3.52,0,11,9,24,2.67,0,1,1,1,,,14,22.8,23.8,18.3,,104,
335,Brian Hoyer,NWE,QB,24,5,0,19,27,142,0,0,10,25,2.50,1,0,0,0,,0,0,,1,,,14,14.2,14.2,14.2,,53,
336,Edgerrin James,SEA,RB,31,7,0,0,0,0,0,0,46,125,2.72,0,3,3,19,6.33,0,1,,0,,,14,17.4,20.4,15.9,,103,
337,Michael Bennett,SDG,RB,31,6,0,0,0,0,0,0,23,65,2.83,0,7,6,65,10.83,0,0,,0,,,13,19.0,19.0,16.0,,106,
338,Daniel Coats,CIN,TE,25,16,11,0,0,0,0,0,0,0,,0,31,16,150,9.38,0,2,1,0,,,13,29.0,33.0,21.0,,56,
339,BenJarvus Green-Ellis,NWE,RB,24,12,0,0,0,0,0,0,26,114,4.38,0,5,2,11,5.50,0,0,,0,,,13,14.5,17.5,13.5,,109,
340,Nate Hughes,JAX,WR,24,8,0,0,0,0,0,0,0,0,,0,12,5,70,14.00,1,0,,1,,,13,18.0,18.0,15.5,,125,
341,Tyrell Sutton,CAR,RB,23,7,1,0,0,0,0,0,12,68,5.67,0,11,6,62,10.33,0,0,,0,,,13,19.0,19.0,16.0,,107,
342,Naufahu Tahi,MIN,RB,28,15,2,0,0,0,0,0,3,5,1.67,0,12,10,67,6.70,1,0,,1,,,13,23.2,23.2,18.2,,105,
343,Danny Ware,NYG,RB,24,8,0,0,0,0,0,0,13,73,5.62,1,4,3,15,5.00,0,1,1,1,,,13,15.8,16.8,14.3,,108,
344,Brad Cottam,KAN,TE,25,8,1,0,0,0,0,0,0,0,,0,15,9,120,13.33,0,0,,0,,,12,21.0,24.0,16.5,,57,
345,Michael Gaines,2TM,TE,29,10,7,0,0,0,0,0,0,0,,0,9,5,59,11.80,1,0,,1,,,12,16.9,16.9,14.4,,58,
346,Brandon Lloyd,DEN,WR,28,2,1,0,0,0,0,0,0,0,,0,18,8,117,14.63,0,0,,0,,,12,19.7,22.7,15.7,,126,
347,Ovie Mughelli,ATL,RB,29,14,7,0,0,0,0,0,4,10,2.50,0,10,7,51,7.29,1,0,,1,,,12,19.1,19.1,15.6,,110,
348,Tim Castille,KAN,RB,25,7,0,0,1,0,0,1,14,55,3.93,0,6,4,37,9.25,1,1,1,1,,,11,15.2,17.2,14.2,,112,
349,Jarett Dillard,JAX,WR,24,7,0,0,0,0,0,0,0,0,,0,8,6,106,17.67,0,0,,0,,,11,16.6,19.6,13.6,,129,
350,Brian Finneran,ATL,WR,33,10,2,0,0,0,0,0,0,0,,0,16,11,111,10.09,0,0,,0,,,11,22.1,25.1,16.6,,127,
351,Casey Fitzsimmons,DET,TE,29,12,1,0,0,0,0,0,0,0,,0,27,18,128,7.11,0,1,1,0,,,11,28.8,32.8,19.8,,60,
352,Lavelle Hawkins,TEN,WR,23,10,0,0,0,0,0,0,0,0,,0,14,7,110,15.71,0,0,,0,,,11,18.0,21.0,14.5,,128,
353,Steve Heiden,CLE,TE,33,7,6,0,0,0,0,0,0,0,,0,17,10,73,7.30,1,1,1,1,,,11,21.3,22.3,16.3,,59,
354,Peyton Hillis,DEN,RB,23,14,2,0,0,0,0,0,13,54,4.15,1,6,4,19,4.75,0,1,1,1,,,11,15.3,16.3,13.3,,111,
355,Tarvaris Jackson,MIN,QB,26,8,0,14,21,201,1,0,17,-10,-0.59,0,0,0,0,,0,0,,0,,,11,11.0,11.0,11.0,,54,
356,Matt Leinart,ARI,QB,26,8,1,51,77,435,0,3,9,-6,-0.67,0,0,0,0,,0,1,,0,,,11,10.8,16.8,13.8,,55,
357,Moran Norris,SFO,RB,31,16,7,0,0,0,0,0,14,41,2.93,1,11,7,31,4.43,0,1,1,1,,,11,18.2,19.2,14.7,,113,
358,Brian Robiskie,CLE,WR,22,11,1,0,0,0,0,0,0,0,,0,20,7,106,15.14,0,0,,0,,,11,17.6,20.6,14.1,,130,
359,Anthony Becht,ARI,TE,32,16,10,0,0,0,0,0,0,0,,0,12,7,61,8.71,1,1,1,1,,,10,17.1,18.1,13.6,,62,
Rk,Player,Tm,FantPos,Age,G,GS,Cmp,Att,Yds,TD,Int,Att,Yds,Y/A,TD,Tgt,Rec,Yds,Y/R,TD,Fmb,FL,TD,2PM,2PP,FantPt,PPR,DKPt,FDPt,VBD,PosRank,OvRank
360,Eldra Buckley,PHI,RB,24,16,0,0,0,0,0,0,15,44,2.93,1,0,0,0,,0,0,,1,,,10,10.4,10.4,10.4,,114,
361,Ruvell Martin,STL,WR,27,8,0,0,0,0,0,0,0,0,,0,12,6,99,16.50,0,0,,0,,,10,15.9,15.9,12.9,,132,
362,Kevin Ogletree,DAL,WR,22,11,0,0,0,0,0,0,1,6,6.00,0,8,7,96,13.71,0,2,,0,,,10,17.2,17.2,13.7,,131,
363,Gary Russell,OAK,RB,23,12,4,0,0,0,0,0,3,0,0.00,0,15,12,96,8.00,0,1,,0,,,10,21.6,21.6,15.6,,115,
364,Derek Schouman,BUF,TE,24,2,2,0,0,0,0,0,0,0,,0,11,9,103,11.44,0,0,,0,,,10,19.3,22.3,14.8,,61,
365,Billy Volek,SDG,QB,33,4,0,20,31,231,1,1,9,-9,-1.00,0,0,0,0,,0,0,,0,,,10,10.3,11.3,11.3,,56,
366,Billy Bajema,STL,TE,27,16,5,0,0,0,0,0,0,0,,0,11,8,94,11.75,0,0,,0,,,9,17.4,17.4,13.4,,63,
367,LaMont Jordan,DEN,RB,31,9,0,0,0,0,0,0,25,86,3.44,0,4,0,0,,0,0,,0,,,9,8.6,8.6,8.6,,118,
368,Corey McIntyre,BUF,RB,30,15,4,0,0,0,0,0,5,34,6.80,0,8,7,55,7.86,0,0,,0,,,9,15.9,15.9,12.4,,116,
369,Tom Santi,IND,TE,24,3,2,0,0,0,0,0,0,0,,0,11,8,107,13.38,0,1,1,0,,,9,16.7,20.7,12.7,,66,
370,Matt Spaeth,PIT,TE,26,16,8,0,0,0,0,0,0,0,,0,7,5,25,5.00,1,1,,1,,,9,13.5,13.5,11.0,,67,
371,Kory Sperry,MIA,TE,24,8,1,0,0,0,0,0,0,0,,0,6,3,31,10.33,1,0,,1,,,9,12.1,12.1,10.6,,64,
372,Lawrence Vickers,CLE,RB,26,16,9,0,0,0,0,0,0,0,,0,18,8,27,3.38,1,1,,1,,,9,16.7,16.7,12.7,,117,
373,Todd Watkins,OAK,WR,26,13,1,0,0,0,0,0,0,0,,0,19,8,90,11.25,0,0,,0,,,9,17.0,17.0,13.0,,133,
374,Kris Wilson,SDG,TE,28,16,0,0,0,0,0,0,0,0,,0,6,4,28,7.00,1,0,,1,,,9,12.8,12.8,10.8,,65,
375,Kevin Curtis,PHI,WR,31,3,1,0,0,0,0,0,0,0,,0,15,6,77,12.83,0,0,,0,,,8,13.7,13.7,10.7,,134,
376,Darnell Dinkins,NOR,TE,32,11,3,0,0,0,0,0,0,0,,0,7,5,22,4.40,1,0,,1,,,8,13.2,13.2,10.7,,68,
377,Madison Hedgecock,NYG,RB,28,16,9,0,0,0,0,0,0,0,,0,9,4,23,5.75,1,0,,1,,,8,12.3,12.3,10.3,,119,
378,Dantrell Savage,KAN,RB,24,5,0,0,0,0,0,0,10,45,4.50,0,11,7,51,7.29,0,1,1,0,,,8,14.6,15.6,11.1,,121,
379,Owen Schmitt,SEA,RB,24,15,1,0,0,0,0,0,0,0,,0,11,6,21,3.50,1,0,,1,,,8,14.1,14.1,11.1,,120,
380,Troy Smith,BAL,QB,25,4,0,5,9,24,0,1,8,31,3.88,1,0,0,0,,0,0,,1,,,8,8.1,9.1,9.1,,58,
381,Tony Stewart,OAK,TE,30,15,4,0,0,0,0,0,0,0,,0,15,10,78,7.80,0,0,,0,,,8,17.8,17.8,12.8,,69,
382,Pat White,MIA,QB,23,13,0,0,5,0,0,0,21,81,3.86,0,0,0,0,,0,1,,0,,,8,8.1,8.1,8.1,,57,
383,Brian Clark,TAM,WR,26,14,0,0,0,0,0,0,0,0,,0,18,6,65,10.83,0,0,,0,,,7,12.5,12.5,9.5,,137,
384,Jared Cook,TEN,TE,22,14,0,0,0,0,0,0,0,0,,0,15,9,74,8.22,0,0,,0,,,7,16.4,16.4,11.9,,70,
385,Terrance Copper,KAN,WR,27,15,2,0,0,0,0,0,0,0,,0,6,4,68,17.00,0,0,,0,,,7,10.8,10.8,8.8,,135,
386,Joey Galloway,NWE,WR,38,3,2,0,0,0,0,0,0,0,,0,20,7,67,9.57,0,0,,0,,,7,13.7,13.7,10.2,,136,
387,Jim Kleinsasser,MIN,TE,32,16,8,0,0,0,0,0,0,0,,0,16,10,70,7.00,0,0,,0,,,7,17.0,17.0,12.0,,71,
388,Chris Ogbonnaya,STL,RB,23,2,0,0,0,0,0,0,11,50,4.55,0,2,1,19,19.00,0,0,,0,,,7,7.9,7.9,7.4,,122,
389,Travis Beckum,NYG,TE,22,15,2,0,0,0,0,0,0,0,,0,10,8,55,6.88,0,0,,0,,,6,13.5,13.5,9.5,,76,
Rk,Player,Tm,FantPos,Age,G,GS,Cmp,Att,Yds,TD,Int,Att,Yds,Y/A,TD,Tgt,Rec,Yds,Y/R,TD,Fmb,FL,TD,2PM,2PP,FantPt,PPR,DKPt,FDPt,VBD,PosRank,OvRank
390,James Casey,HOU,RB,25,15,0,0,0,0,0,0,0,0,,0,12,6,64,10.67,0,0,,0,,,6,12.4,12.4,9.4,,123,
391,Patrick Cobbs,MIA,RB,26,5,0,0,0,0,0,0,6,36,6.00,0,4,3,23,7.67,0,0,,0,,,6,8.9,8.9,7.4,,125,
392,Todd Collins,WAS,QB,38,3,0,12,23,144,0,0,1,0,0.00,0,0,0,0,,0,2,,0,,,6,5.8,5.8,5.8,,59,
393,Andre' Davis,HOU,WR,30,14,1,0,0,0,0,0,0,0,,0,11,6,59,9.83,0,0,,0,,,6,11.9,11.9,8.9,,140,
394,Craig Davis,SDG,WR,24,1,0,0,0,0,0,0,1,4,4.00,0,7,6,52,8.67,0,0,,0,,,6,11.6,11.6,8.6,,142,
395,Bobby Engram,KAN,WR,36,5,0,0,0,0,0,0,0,0,,0,10,5,61,12.20,0,0,,0,,,6,11.1,11.1,8.6,,139,
396,Derek Fine,BUF,TE,26,8,6,0,0,0,0,0,0,0,,0,18,9,64,7.11,0,0,,0,,,6,15.4,15.4,10.9,,72,
397,Ben Hartsock,NYJ,TE,29,16,7,0,0,0,0,0,0,0,,0,4,1,2,2.00,1,0,,1,,,6,7.2,7.2,6.7,,73,
398,Sinorice Moss,NYG,WR,26,8,0,0,0,0,0,0,0,0,,0,4,1,18,18.00,1,1,1,1,,,6,6.8,7.8,6.3,,141,
399,Adrian Peterson,CHI,RB,30,14,0,0,0,0,0,0,7,51,7.29,0,2,2,11,5.50,0,0,,0,,,6,8.2,8.2,7.2,,124,
400,John Phillips,DAL,TE,22,16,4,0,0,0,0,0,0,0,,0,9,7,62,8.86,0,0,,0,,,6,13.2,13.2,9.7,,74,
401,Tony Richardson,NYJ,RB,38,16,10,0,0,0,0,0,7,48,6.86,0,5,3,10,3.33,0,0,,0,,,6,8.8,8.8,7.3,,126,
402,Gijon Robinson,IND,TE,25,13,10,0,0,0,0,0,0,0,,0,15,9,62,6.89,0,0,,0,,,6,15.2,15.2,10.7,,75,
403,Micheal Spurlock,2TM,WR,26,6,0,0,1,0,0,0,1,3,3.00,0,0,0,0,,0,1,,1,,,6,6.3,6.3,6.3,,138,
404,Drew Stanton,DET,QB,25,3,1,26,51,259,0,6,9,33,3.67,1,0,0,0,,0,1,1,1,,,6,5.7,12.7,11.7,,60,
405,Kellen Clemens,NYJ,QB,26,10,1,13,26,125,0,0,12,1,0.08,0,0,0,0,,0,2,,0,,,5,5.1,5.1,5.1,,61,
406,Quan Cosby,CIN,WR,27,16,0,0,0,0,0,0,1,-2,-2.00,0,6,4,55,13.75,0,2,,0,,,5,9.3,9.3,7.3,,143,
407,Greg Estandia,2TM,TE,27,6,1,0,0,0,0,0,0,0,,0,13,4,45,11.25,0,0,,0,,,5,8.5,8.5,6.5,,77,
408,Samkon Gado,STL,RB,27,15,0,0,0,0,0,0,14,26,1.86,0,3,3,25,8.33,0,0,,0,,,5,8.1,8.1,6.6,,128,
409,Quinten Lawrence,KAN,WR,25,6,1,0,0,0,0,0,2,42,21.00,0,2,1,9,9.00,0,0,,0,,,5,6.1,6.1,5.6,,144,
410,Louis Rankin,2TM,RB,24,9,0,0,0,0,0,0,8,36,4.50,0,7,5,33,6.60,0,1,1,0,,,5,9.9,10.9,7.4,,129,
411,Javon Ringer,TEN,RB,22,7,0,0,0,0,0,0,8,48,6.00,0,0,0,0,,0,0,,0,,,5,4.8,4.8,4.8,,131,
412,Courtney Roby,NOR,WR,26,15,0,0,0,0,0,0,0,0,,0,1,1,6,6.00,0,2,1,1,,,5,5.6,6.6,5.1,,145,
413,Aaron Stecker,ATL,RB,34,9,0,0,0,0,0,0,5,15,3.00,0,5,5,34,6.80,0,0,,0,,,5,9.9,9.9,7.4,,130,
414,Albert Young,MIN,RB,24,7,0,0,0,0,0,0,12,53,4.42,0,0,0,0,,0,0,,0,,,5,5.3,5.3,5.3,,127,
415,Mike Goodson,CAR,RB,22,8,0,0,0,0,0,0,22,49,2.23,0,2,2,15,7.50,0,1,1,0,,,4,6.4,7.4,5.4,,132,
416,Ahmard Hall,TEN,RB,30,16,7,0,0,0,0,0,1,5,5.00,0,16,12,79,6.58,0,2,2,0,,,4,16.4,18.4,10.4,,133,
417,Korey Hall,GNB,RB,26,11,5,0,0,0,0,0,0,0,,0,7,5,41,8.20,0,0,,0,,,4,9.1,9.1,6.6,,136,
418,Gartrell Johnson,NYG,RB,23,10,0,0,0,0,0,0,13,43,3.31,0,1,0,0,,0,0,,0,,,4,4.3,4.3,4.3,,134,
419,Greg Jones,JAX,RB,28,13,7,0,0,0,0,0,4,23,5.75,0,10,5,14,2.80,0,0,,0,,,4,8.7,8.7,6.2,,138,
Rk,Player,Tm,FantPos,Age,G,GS,Cmp,Att,Yds,TD,Int,Att,Yds,Y/A,TD,Tgt,Rec,Yds,Y/R,TD,Fmb,FL,TD,2PM,2PP,FantPt,PPR,DKPt,FDPt,VBD,PosRank,OvRank
420,Kenny Moore,CAR,WR,24,12,1,0,0,0,0,0,0,0,,0,11,6,59,9.83,0,1,1,0,,,4,9.9,10.9,6.9,,146,
421,Kolby Smith,KAN,RB,25,4,0,0,0,0,0,0,15,33,2.20,0,2,2,9,4.50,0,0,,0,,,4,6.2,6.2,5.2,,135,
422,Stephen Spach,ARI,TE,27,7,5,0,0,0,0,0,0,0,,0,10,4,38,9.50,0,0,,0,,,4,7.8,7.8,5.8,,79,
423,Jonathan Stupar,BUF,TE,25,14,2,0,0,0,0,0,0,0,,0,11,6,40,6.67,0,0,,0,,,4,10.0,10.0,7.0,,78,
424,Jacob Tamme,IND,TE,24,16,1,0,0,0,0,0,0,0,,0,10,3,35,11.67,0,0,,0,,,4,6.5,6.5,5.0,,80,
425,Tyler Thigpen,2TM,QB,25,2,0,4,8,83,1,2,2,3,1.50,0,0,0,0,,0,0,,0,,,4,3.6,5.6,5.6,,62,
426,Derrick Williams,DET,WR,23,11,0,0,0,0,0,0,1,4,4.00,0,13,6,52,8.67,0,2,1,0,,,4,9.6,10.6,6.6,,147,
427,DeShawn Wynn,GNB,RB,26,4,0,0,0,0,0,0,6,19,3.17,0,7,2,19,9.50,0,0,,0,,,4,5.8,5.8,4.8,,137,
428,Hank Baskett,2TM,WR,27,12,0,0,0,0,0,0,0,0,,0,12,5,34,6.80,0,0,,0,,,3,8.4,8.4,5.9,,148,
429,Darcy Johnson,NYG,TE,26,13,4,0,0,0,0,0,0,0,,0,7,5,32,6.40,0,1,,0,,,3,8.2,8.2,5.7,,81,
430,Jeremi Johnson,CIN,RB,29,16,8,0,0,0,0,0,4,8,2.00,0,12,6,41,6.83,0,1,1,0,,,3,8.9,9.9,5.9,,140,
431,Luke Lawton,OAK,RB,29,13,3,0,0,0,0,0,0,0,,0,10,7,31,4.43,0,0,,0,,,3,10.1,10.1,6.6,,139,
432,Marko Mitchell,WAS,WR,24,10,0,0,0,0,0,0,0,0,,0,7,4,32,8.00,0,0,,0,,,3,7.2,7.2,5.2,,149,
433,Jake Nordin,DET,TE,25,4,1,0,0,0,0,0,0,0,,0,3,2,26,13.00,0,0,,0,,,3,4.6,4.6,3.6,,83,
434,Michael Robinson,SFO,RB,26,15,0,0,0,0,0,0,3,2,0.67,0,11,6,24,4.00,0,0,,0,,,3,8.6,8.6,5.6,,141,
435,Alex Smith,PHI,TE,27,16,5,0,0,0,0,0,0,0,,0,8,3,25,8.33,0,0,,0,,,3,5.5,5.5,4.0,,84,
436,L.J. Smith,BAL,TE,29,12,0,0,0,0,0,0,0,0,,0,3,2,31,15.50,0,0,,0,,,3,5.1,5.1,4.1,,82,
437,Brian St. Pierre,ARI,QB,30,1,0,2,4,12,1,1,1,2,2.00,0,0,0,0,,0,1,,0,,,3,2.7,3.7,3.7,,63,
438,Ramses Barden,NYG,WR,23,3,0,0,0,0,0,0,0,0,,0,1,1,16,16.00,0,0,,0,,,2,2.6,2.6,2.1,,156,
439,Arnaz Battle,SFO,WR,29,15,0,0,0,0,0,0,0,0,,0,5,5,40,8.00,0,6,1,0,,,2,7.0,8.0,4.5,,152,
440,Jackie Battle,KAN,RB,26,5,0,0,0,0,0,0,7,21,3.00,0,2,2,-3,-1.50,0,0,,0,,,2,3.8,3.8,2.8,,149,
441,Brian Brohm,BUF,QB,24,2,1,17,29,146,0,2,3,-3,-1.00,0,0,0,0,,0,0,,0,,,2,1.5,3.5,3.5,,65,
442,Carey Davis,PIT,RB,28,6,0,0,0,0,0,0,2,15,7.50,0,0,0,0,,0,0,,0,,,2,1.5,1.5,1.5,,151,
443,James Davis,CLE,RB,23,2,0,0,0,0,0,0,9,15,1.67,0,5,4,5,1.25,0,0,,0,,,2,6.0,6.0,4.0,,144,
444,Kyle Eckel,NOR,RB,28,7,2,0,0,0,0,0,2,6,3.00,0,3,2,14,7.00,0,0,,0,,,2,4.0,4.0,3.0,,145,
445,John Gilmore,TAM,TE,30,13,2,0,0,0,0,0,0,0,,0,7,3,23,7.67,0,0,,0,,,2,5.3,5.3,3.8,,85,
446,Verron Haynes,ATL,RB,30,7,2,0,0,0,0,0,0,0,,0,4,3,20,6.67,0,0,,0,,,2,5.0,5.0,3.5,,146,
447,Brandon Jones,SFO,WR,27,8,0,0,0,0,0,0,0,0,,0,5,1,18,18.00,0,0,,0,,,2,2.8,2.8,2.3,,153,
448,Mike Karney,STL,RB,28,14,8,0,0,0,0,0,2,8,4.00,0,9,6,16,2.67,0,0,,0,,,2,8.4,8.4,5.4,,142,
449,Dan Kreider,ARI,RB,32,14,3,0,0,0,0,0,0,0,,0,6,4,20,5.00,0,0,,0,,,2,6.0,6.0,4.0,,147,
Rk,Player,Tm,FantPos,Age,G,GS,Cmp,Att,Yds,TD,Int,Att,Yds,Y/A,TD,Tgt,Rec,Yds,Y/R,TD,Fmb,FL,TD,2PM,2PP,FantPt,PPR,DKPt,FDPt,VBD,PosRank,OvRank
450,Brandon Myers,OAK,TE,24,11,2,0,0,0,0,0,0,0,,0,6,4,19,4.75,0,0,,0,,,2,5.9,5.9,3.9,,86,
451,Ben Obomanu,SEA,WR,26,14,0,0,0,0,0,0,0,0,,0,5,4,41,10.25,0,1,1,0,,,2,6.1,7.1,4.1,,150,
452,Xavier Omon,BUF,RB,24,5,0,0,0,0,0,0,5,22,4.40,0,1,0,0,,0,0,,0,,,2,2.2,2.2,2.2,,143,
453,Kassim Osgood*,SDG,WR,29,16,0,0,0,0,0,0,0,0,,0,5,1,17,17.00,0,0,,0,,,2,2.7,2.7,2.2,,155,
454,John Owens,SEA,TE,29,16,3,0,0,0,0,0,0,0,,0,6,3,16,5.33,0,0,,0,,,2,4.6,4.6,3.1,,87,
455,Jalen Parmele,BAL,RB,24,7,0,0,0,0,0,0,5,17,3.40,0,0,0,0,,0,0,,0,,,2,1.7,1.7,1.7,,150,
456,Roscoe Parrish,BUF,WR,27,12,0,0,0,0,0,0,2,4,2.00,0,6,3,34,11.33,0,5,1,0,,,2,4.8,5.8,3.3,,154,
457,Marcel Reece,OAK,RB,24,2,0,0,0,0,0,0,0,0,,0,4,2,20,10.00,0,0,,0,,,2,4.0,4.0,3.0,,148,
458,Isaiah Stanback,NWE,QB,25,6,2,0,0,0,0,0,0,0,,0,7,3,22,7.33,0,0,,0,,,2,5.2,5.2,3.7,,64,
459,Wallace Wright,NYJ,WR,25,16,0,0,0,0,0,0,0,0,,0,3,2,21,10.50,0,0,,0,,,2,4.1,4.1,3.1,,151,
460,Deon Anderson,DAL,RB,26,16,9,0,0,0,0,0,0,0,,0,3,1,5,5.00,0,0,,0,,,1,1.5,1.5,1.0,,155,
461,Charlie Batch,PIT,QB,35,1,0,1,2,17,0,0,0,0,,0,0,0,0,,0,0,,0,,,1,0.7,0.7,0.7,,67,
462,Mark Brunell,NOR,QB,39,16,1,15,30,102,0,1,4,-12,-3.00,0,0,0,0,,0,0,,0,,,1,0.9,1.9,1.9,,66,
463,Tim Carter,STL,WR,30,2,0,0,0,0,0,0,0,0,,0,5,1,6,6.00,0,0,,0,,,1,1.6,1.6,1.1,,164,
464,Yamon Figurs,2TM,WR,26,6,0,0,0,0,0,0,1,-2,-2.00,0,2,1,7,7.00,0,0,,0,,,1,1.5,1.5,1.0,,167,
465,Tyler Grisham,PIT,WR,22,4,0,0,0,0,0,0,0,0,,0,2,1,14,14.00,0,0,,0,,,1,2.4,2.4,1.9,,157,
466,James Hardy,BUF,WR,24,2,0,0,0,0,0,0,0,0,,0,1,1,9,9.00,0,0,,0,,,1,1.9,1.9,1.4,,161,
467,Anthony Hill,HOU,TE,24,5,0,0,0,0,0,0,0,0,,0,2,1,9,9.00,0,0,,0,,,1,1.9,1.9,1.4,,90,
468,Tory Humphrey,NOR,TE,26,1,0,0,0,0,0,0,0,0,,0,1,1,7,7.00,0,0,,0,,,1,1.7,1.7,1.2,,93,
469,David Johnson,PIT,TE,22,15,3,0,0,0,0,0,0,0,,0,4,2,9,4.50,0,0,,0,,,1,2.9,2.9,1.9,,91,
470,Jaymar Johnson,MIN,WR,25,6,0,0,0,0,0,0,0,0,,0,1,1,9,9.00,0,0,,0,,,1,1.9,1.9,1.4,,162,
471,Steve Johnson,BUF,WR,23,5,0,0,0,0,0,0,0,0,,0,3,2,10,5.00,0,0,,0,,,1,3.0,3.0,2.0,,160,
472,Mark Jones,TEN,WR,29,3,0,0,0,0,0,0,0,0,,0,2,1,9,9.00,0,0,,0,,,1,1.9,1.9,1.4,,163,
473,Jordan Kent,STL,WR,25,5,0,0,0,0,0,0,0,0,,0,3,1,5,5.00,0,0,,0,,,1,1.5,1.5,1.0,,168,
474,Joe Klopfenstein,BUF,TE,26,1,1,0,0,0,0,0,0,0,,0,2,1,11,11.00,0,0,,0,,,1,2.1,2.1,1.6,,89,
475,Brandon Manumaleuna,SDG,TE,29,16,5,0,0,0,0,0,0,0,,0,7,5,13,2.60,0,0,,0,,,1,6.3,6.3,3.8,,88,
476,Charly Martin,CAR,WR,25,7,0,0,0,0,0,0,0,0,,0,2,1,6,6.00,0,0,,0,,,1,1.6,1.6,1.1,,165,
477,Jason McKie,CHI,RB,29,16,11,0,0,0,0,0,0,0,,0,10,5,13,2.60,0,0,,0,,,1,6.3,6.3,3.8,,152,
478,Jake O'Connell,KAN,TE,24,4,2,0,0,0,0,0,0,0,,0,10,2,7,3.50,0,0,,0,,,1,2.7,2.7,1.7,,94,
479,Bear Pascoe,NYG,TE,23,4,1,0,0,0,0,0,0,0,,0,1,1,9,9.00,0,0,,0,,,1,1.9,1.9,1.4,,92,
Rk,Player,Tm,FantPos,Age,G,GS,Cmp,Att,Yds,TD,Int,Att,Yds,Y/A,TD,Tgt,Rec,Yds,Y/R,TD,Fmb,FL,TD,2PM,2PP,FantPt,PPR,DKPt,FDPt,VBD,PosRank,OvRank
480,Kory Sheets,MIA,RB,24,2,0,0,0,0,0,0,1,5,5.00,0,0,0,0,,0,0,,0,,,1,0.5,0.5,0.5,,156,
481,Matthew Slater,NWE,WR,24,14,0,0,0,0,0,0,1,6,6.00,0,0,0,0,,0,0,,0,,,1,0.6,0.6,0.6,,166,
482,Terrelle Smith,DET,RB,31,8,0,0,0,0,0,0,0,0,,0,4,2,7,3.50,0,0,,0,,,1,2.7,2.7,1.7,,153,
483,John Standeford,DET,WR,27,2,0,0,0,0,0,0,0,0,,0,3,1,5,5.00,0,0,,0,,,1,1.5,1.5,1.0,,169,
484,Limas Sweed,PIT,WR,25,9,0,0,0,0,0,0,0,0,,0,5,1,5,5.00,0,0,,0,,,1,1.5,1.5,1.0,,170,
485,Brandon Tate,NWE,WR,22,2,1,0,0,0,0,0,1,11,11.00,0,2,0,0,,0,0,,0,,,1,1.1,1.1,1.1,,159,
486,Javarris Williams,KAN,RB,23,4,0,0,0,0,0,0,6,6,1.00,0,1,0,0,,0,0,,0,,,1,0.6,0.6,0.6,,154,
487,Troy Williamson,JAX,WR,26,2,1,0,0,0,0,0,0,0,,0,4,3,34,11.33,0,1,1,0,,,1,4.4,5.4,2.9,,158,
488,Jake Allen,2TM,,24,3,0,0,0,0,0,0,0,0,,0,1,0,0,,0,,,0,,,,,,,,171,
489,B.J. Askew,TAM,RB,29,5,2,0,0,0,0,0,1,0,0.00,0,2,2,3,1.50,0,0,,0,,,,2.3,2.3,1.3,,159,
490,Brock Bolen,JAX,,24,3,0,0,0,0,0,0,0,0,,0,3,0,0,,0,,,0,,,,,,,,162,
491,Colin Cloherty,IND,TE,22,1,0,0,0,0,0,0,0,0,,0,1,1,2,2.00,0,0,,0,,,,1.2,1.2,0.7,,98,
492,Andre Coleman,SDG,,25,2,0,0,0,0,0,0,0,0,,0,,0,0,,0,,,0,,,,,,,,100,
493,James Dearth,NYJ,,33,16,0,0,0,0,0,0,0,0,,0,,0,0,,0,,,0,,,,,,,,101,
494,Biren Ealy,GNB,,25,1,0,0,0,0,0,0,0,0,,0,,0,0,,0,,,0,,,,,,,,172,
495,Dominique Edison,TEN,,23,5,0,0,0,0,0,0,0,0,,0,,0,0,,0,,,0,,,,,,,,173,
496,Tony Fiammetta,CAR,,23,10,2,0,0,0,0,0,0,0,,0,3,0,0,,0,,,0,,,,,,,,163,
497,Matt Flynn,GNB,QB,24,15,0,7,12,58,0,1,5,-5,-1.00,0,0,0,0,,0,0,,0,,,,-0.2,0.8,0.8,,74,
498,Eric Fowler,DET,,25,3,0,0,0,0,0,0,0,0,,0,,0,0,,0,,,0,,,,,,,,174,
499,Sam Giguere,IND,,24,1,0,0,0,0,0,0,0,0,,0,2,0,0,,0,0,,0,,,,,,,,175,
500,Anthony Gonzalez,IND,,25,1,1,0,0,0,0,0,0,0,,0,,0,0,,0,,,0,,,,,,,,176,
501,Dan Gronkowski,DET,TE,24,2,0,0,0,0,0,0,0,0,,0,3,1,4,4.00,0,0,,0,,,,1.4,1.4,0.9,,95,
502,Rex Grossman,HOU,QB,29,1,0,3,9,33,0,1,3,9,3.00,0,0,0,0,,0,1,,0,,,,0.2,1.2,1.2,,68,
503,Matt Gutierrez,KAN,QB,25,1,0,1,1,3,0,0,0,0,,0,0,0,0,,0,0,,0,,,,0.1,0.1,0.1,,69,
504,Justin Harper,BAL,,24,2,0,0,0,0,0,0,0,0,,0,1,0,0,,0,,,0,,,,,,,,177,
505,Clark Harris,CIN,,25,11,0,0,0,0,0,0,0,0,,0,,0,0,,0,,,0,,,,,,,,102,
506,Mike Hass,SEA,,26,1,0,0,0,0,0,0,0,0,,0,,0,0,,0,,,0,,,,,,,,178,
507,Chris Henry,TEN,,24,2,0,0,0,0,0,0,0,0,,0,,0,0,,0,,,0,,,,,,,,164,
508,Darius Hill,CIN,,24,1,0,0,0,0,0,0,0,0,,0,,0,0,,0,,,0,,,,,,,,103,
509,Nathan Hodel,DET,,32,1,0,0,0,0,0,0,0,0,,0,,0,0,,0,,,0,,,,,,,,104,
Rk,Player,Tm,FantPos,Age,G,GS,Cmp,Att,Yds,TD,Int,Att,Yds,Y/A,TD,Tgt,Rec,Yds,Y/R,TD,Fmb,FL,TD,2PM,2PP,FantPt,PPR,DKPt,FDPt,VBD,PosRank,OvRank
510,Jonathan Holland,OAK,,24,14,0,0,0,0,0,0,0,0,,0,0,0,0,,0,0,,0,,,,,,,,179,
511,Kareem Huggins,TAM,,23,3,0,0,0,0,0,0,0,0,,0,0,0,0,,0,0,,0,,,,,,,,165,
512,Juaquin Iglesias,CHI,,22,1,0,0,0,0,0,0,0,0,,0,0,0,0,,0,,,0,,,,,,,,180,
513,Justin Jenkins,BUF,WR,29,12,0,0,0,0,0,0,1,-3,-3.00,0,0,0,0,,0,0,,0,,,,-0.3,-0.3,-0.3,,199,
514,Adam Jennings,DET,,27,1,0,0,0,0,0,0,0,0,,0,,0,0,,0,0,,0,,,,,,,,181,
515,Brian Jennings,SFO,,33,16,0,0,0,0,0,0,0,0,,0,0,0,0,,0,,,0,,,,,,,,105,
516,Quinn Johnson,GNB,RB,23,9,0,0,0,0,0,0,0,0,,0,4,2,4,2.00,0,0,,0,,,,2.4,2.4,1.4,,157,
517,Nate Jones,STL,,24,1,0,0,0,0,0,0,0,0,,0,,0,0,,0,,,0,,,,,,,,182,
518,Matt Lawrence,BAL,RB,24,8,0,0,0,0,0,0,4,0,0.00,0,1,1,4,4.00,0,0,,0,,,,1.4,1.4,0.9,,158,
519,Mike Leach,ARI,,33,16,0,0,0,0,0,0,0,0,,0,,0,0,,0,,,0,,,,,,,,106,
520,J.P. Losman,OAK,QB,28,1,0,0,1,0,0,0,0,0,,0,0,0,0,,0,0,,0,,,,,,,,72,
521,Marcus Mailei,NOR,,23,2,0,0,0,0,0,0,0,0,,0,0,0,0,,0,,,0,,,,,,,,166,
522,Glenn Martinez,HOU,,28,7,0,0,0,0,0,0,0,0,,0,0,0,0,,0,0,,0,,,,,,,,183,
523,Michael Matthews,2TM,,26,7,0,0,0,0,0,0,0,0,,0,1,0,0,,0,,,0,,,,,,,,107,
524,Josh McCown,CAR,QB,30,1,0,1,6,2,0,0,0,0,,0,0,0,0,,0,0,,0,,,,0.1,0.1,0.1,,70,
525,Luke McCown,JAX,QB,28,3,0,1,3,2,0,0,0,0,,0,0,0,0,,0,0,,0,,,,0.1,0.1,0.1,,71,
526,Shaun McDonald,PIT,,28,4,0,0,0,0,0,0,0,0,,0,,0,0,,0,,,0,,,,,,,,184,
527,Kenny McKinley,DEN,,22,8,0,0,0,0,0,0,0,0,,0,0,0,0,,0,0,,0,,,,,,,,185,
528,Sean Morey,ARI,,33,13,0,0,0,0,0,0,0,0,,0,1,0,0,,0,,,0,,,,,,,,186,
529,Cameron Morrah,SEA,TE,22,3,0,0,0,0,0,0,0,0,,0,1,1,3,3.00,0,0,,0,,,,1.3,1.3,0.8,,96,
530,Matthew Mulligan,NYJ,TE,24,5,1,0,0,0,0,0,0,0,,0,1,1,2,2.00,0,0,,0,,,,1.2,1.2,0.7,,99,
531,Jordan Norwood,PHI,,23,1,0,0,0,0,0,0,0,0,,0,,0,0,,0,,,0,,,,,,,,187,
532,Oren O'Neal,OAK,RB,26,4,0,0,0,0,0,0,1,0,0.00,0,0,0,0,,0,0,,0,,,,,,,,167,
533,Buck Ortega,NOR,,28,1,0,0,0,0,0,0,0,0,,0,,0,0,,0,,,0,,,,,,,,108,
534,Montell Owens,JAX,RB,25,16,0,0,0,0,0,0,2,1,0.50,0,1,0,0,,0,0,,0,,,,0.1,0.1,0.1,,161,
535,Cedric Peerman,DET,,23,2,0,0,0,0,0,0,0,0,,0,,0,0,,0,,,0,,,,,,,,168,
536,Zach Potter,JAX,TE,23,1,1,0,0,0,0,0,0,0,,0,1,1,3,3.00,0,0,,0,,,,1.3,1.3,0.8,,97,
537,Chris Pressley,TAM,RB,23,7,3,0,0,0,0,0,1,0,0.00,0,1,1,2,2.00,0,0,,0,,,,1.2,1.2,0.7,,160,
538,Maurice Purify,CIN,,23,5,0,0,0,0,0,0,0,0,,0,1,0,0,,0,,,0,,,,,,,,188,
539,Richard Quinn,DEN,,23,15,0,0,0,0,0,0,0,0,,0,1,0,0,,0,0,,0,,,,,,,,109,
Rk,Player,Tm,FantPos,Age,G,GS,Cmp,Att,Yds,TD,Int,Att,Yds,Y/A,TD,Tgt,Rec,Yds,Y/R,TD,Fmb,FL,TD,2PM,2PP,FantPt,PPR,DKPt,FDPt,VBD,PosRank,OvRank
540,Isaac Redman,PIT,,25,1,0,0,0,0,0,0,0,0,,0,,0,0,,0,,,0,,,,,,,,169,
541,Jeff Robinson,SEA,,39,2,0,0,0,0,0,0,0,0,,0,,0,0,,0,,,0,,,,,,,,110,
542,Jerome Simpson,CIN,,23,2,0,0,0,0,0,0,0,0,,0,1,0,0,,0,,,0,,,,,,,,189,
543,Justin Snow,IND,,33,16,0,0,0,0,0,0,0,0,,0,,0,0,,0,,,0,,,,,,,,111,
544,Jim Sorgi,IND,,29,1,0,0,0,0,0,0,0,0,,0,,0,0,,0,,,0,,,,,,,,73,
545,Derek Stanley,STL,,24,2,0,0,0,0,0,0,0,0,,0,0,0,0,,0,0,,0,,,,,,,,190,
546,Craig Stevens,TEN,,25,12,2,0,0,0,0,0,0,0,,0,1,0,0,,0,0,,0,,,,,,,,112,
547,Brad St. Louis,CIN,,33,5,0,0,0,0,0,0,0,0,,0,,0,0,,0,,,0,,,,,,,,113,
548,Frank Summers,PIT,,24,2,1,0,0,0,0,0,0,0,,0,,0,0,,0,,,0,,,,,,,,170,
549,Brett Swain,GNB,,24,6,0,0,0,0,0,0,0,0,,0,1,0,0,,0,,,0,,,,,,,,191,
550,Patrick Turner,MIA,,22,2,0,0,0,0,0,0,0,0,,0,0,0,0,,0,,,0,,,,,,,,192,
551,David Tyree,BAL,,29,10,0,0,0,0,0,0,0,0,,0,0,0,0,,0,0,,0,,,,,,,,193,
552,Tiquan Underwood,JAX,,22,3,0,0,0,0,0,0,0,0,,0,0,0,0,,0,0,,0,,,,,,,,194,
553,Javon Walker,OAK,,31,3,0,0,0,0,0,0,0,0,,0,0,0,0,,0,1,,0,,,,,,,,195,
554,Chauncey Washington,DAL,,24,2,0,0,0,0,0,0,0,0,,0,0,0,0,,0,,,0,,,,,,,,171,
555,Chris Williams,CHI,,24,16,16,0,0,0,0,0,0,0,,0,0,0,0,,0,0,,0,,,,,,,,196,
556,Matt Willis,DEN,,25,1,1,0,0,0,0,0,0,0,,0,0,0,0,,0,,,0,,,,,,,,197,
557,George Wilson,BUF,,28,16,12,0,0,0,0,0,0,0,,0,0,0,0,,0,0,,0,,,,,,,,198,
558,Joe Zelenka,ATL,,33,5,0,0,0,0,0,0,0,0,,0,,0,0,,0,,,0,,,,,,,,114,
559,Keith Zinger,ATL,,25,15,2,0,0,0,0,0,0,0,,0,1,0,0,,0,0,,0,,,,,,,,115,
560,J.T. O'Sullivan,CIN,QB,30,3,0,4,11,40,0,0,3,12,4.00,0,0,0,0,,0,2,2,0,,,-1,-1.2,0.8,-1.2,,75,
561,Clifton Smith,TAM,RB,24,11,0,0,0,0,0,0,4,7,1.75,0,5,2,4,2.00,0,3,1,0,,,-1,1.1,2.1,0.1,,172,
562,Jeff Garcia,PHI,QB,39,1,0,0,0,0,0,0,3,-2,-0.67,0,0,0,0,,0,1,1,0,,,-2,-2.2,-1.2,-2.2,,77,
563,Caleb Hanie,CHI,QB,24,2,0,3,7,11,0,1,0,0,,0,0,0,0,,0,0,,0,,,-2,-1.6,-0.6,-0.6,,76,
564,Alvin Pearman,TEN,,27,5,0,0,0,0,0,0,0,0,,0,0,0,0,,0,1,1,0,,,-2,-2.0,-1.0,-2.0,,173,
565,Darius Reynaud,MIN,,25,11,0,0,0,0,0,0,0,0,,0,2,0,0,,0,3,1,0,,,-2,-2.0,-1.0,-2.0,,200,
566,Chris Simms,DEN,QB,29,3,1,5,17,23,0,1,3,-4,-1.33,0,0,0,0,,0,1,1,0,,,-3,-3.5,-1.5,-2.5,,78,
567,Stefan Logan,PIT,RB,28,16,1,0,0,0,0,0,0,0,,0,1,1,5,5.00,0,3,2,0,,,-4,-2.5,-0.5,-3.0,,174,
568,Curtis Painter,IND,QB,24,2,0,8,28,83,0,2,3,4,1.33,0,0,0,0,,0,2,2,0,,,-4,-4.3,-0.3,-2.3,,79,
